ordem,categ,clienduracao,idade,estadocivil,residduracao,renda,educacao,emprduracao,aposentado,sexo,residentes,servico1,servico2,servico3,servico4,receitas1,receitas2,receitas3,receitas4,tot_receitas,churn,churn01
1,Basico,13,44,Casado,9,64,superior,5,Nao,Masc,2,Nao,Nao,Sim,Nao,0,0,7.5,0,7.5,Sim,1
2,Basico,33,33,Ncasado,12,33,medio,0,Nao,Fem,1,Nao,Nao,Nao,Nao,0,0,0,0,0,Sim,1
3,Basico,5,33,Ncasado,10,125,superior,5,Nao,Fem,1,Nao,Sim,Nao,Nao,0,26.15,0,0,26.15,Sim,1
4,Basico,41,38,Casado,8,37,medio,9,Nao,Fem,3,Nao,Nao,Sim,Nao,0,0,41.75,0,41.75,Nao,0
5,Basico,9,46,Ncasado,3,25,Inc_medio,8,Nao,Fem,2,Nao,Nao,Nao,Nao,0,0,0,0,0,Nao,0
6,Basico,1,24,Ncasado,3,20,Inc_medio,3,Nao,Masc,1,Nao,Nao,Nao,Nao,0,0,0,0,0,Nao,0
7,Basico,68,52,Casado,17,120,Inc_medio,24,Nao,Masc,2,Nao,Nao,Sim,Nao,0,0,22,0,22,Nao,0
8,Basico,55,48,Casado,19,67,Inc_medio,25,Nao,Masc,3,Nao,Nao,Sim,Nao,0,0,27.25,0,27.25,Nao,0
9,Basico,9,21,Casado,1,17,medio,2,Nao,Fem,3,Nao,Nao,Nao,Nao,0,0,0,0,0,Nao,0
10,Basico,27,28,Casado,4,23,medio,8,Nao,Masc,5,Nao,Nao,Nao,Nao,0,0,0,0,0,Nao,0
11,Basico,9,34,Casado,9,33,medio,8,Nao,Fem,4,Nao,Sim,Nao,Nao,0,22.95,0,0,22.95,Sim,1
12,Basico,30,34,Casado,4,27,medio,1,Nao,Masc,5,Nao,Sim,Nao,Nao,0,22.5,0,0,22.5,Sim,1
13,Basico,7,26,Casado,3,26,medio,2,Nao,Masc,5,Sim,Nao,Nao,Nao,15.5,0,0,0,15.5,Nao,0
14,Basico,52,27,Ncasado,6,47,Inc_sup,5,Nao,Masc,2,Sim,Nao,Sim,Nao,18.5,0,14.25,0,32.75,Nao,0
15,Basico,36,45,Casado,1,94,medio,18,Nao,Fem,5,Sim,Sim,Nao,Nao,15.75,28.35,0,0,44.1,Sim,1
16,Basico,58,62,Casado,36,27,Inc_medio,0,Nao,Masc,2,Nao,Nao,Sim,Nao,0,0,34.5,0,34.5,Nao,0
17,Basico,35,55,Ncasado,24,30,medio,2,Nao,Masc,1,Nao,Nao,Sim,Nao,0,0,15.75,0,15.75,Nao,0
18,Basico,36,47,Casado,16,63,Inc_medio,23,Nao,Masc,2,Nao,Nao,Sim,Nao,0,0,6.75,0,6.75,Nao,0
19,Basico,16,27,Ncasado,5,37,Inc_sup,5,Nao,Masc,4,Nao,Nao,Nao,Nao,0,0,0,0,0,Nao,0
20,Basico,3,43,Ncasado,19,61,superior,11,Nao,Fem,1,Nao,Sim,Sim,Sim,0,27.25,16.25,17.95,61.45,Sim,1
21,Basico,40,57,Casado,15,22,medio,9,Nao,Masc,2,Nao,Nao,Sim,Nao,0,0,19.75,0,19.75,Nao,0
22,Basico,20,42,Ncasado,4,17,Inc_sup,5,Nao,Masc,1,Nao,Nao,Nao,Nao,0,0,0,0,0,Nao,0
23,Basico,8,46,Ncasado,3,46,medio,8,Nao,Masc,1,Nao,Sim,Nao,Nao,0,25.05,0,0,25.05,Nao,0
24,Basico,38,71,Ncasado,27,10,medio,12,Sim,Masc,1,Nao,Nao,Nao,Nao,0,0,0,0,0,Nao,0
25,Basico,2,31,Ncasado,2,21,Inc_medio,6,Nao,Masc,1,Nao,Sim,Nao,Nao,0,21.6,0,0,21.6,Sim,1
26,Basico,33,27,Casado,7,46,medio,7,Nao,Masc,4,Nao,Sim,Nao,Nao,0,29.15,0,0,29.15,Nao,0
27,Basico,38,42,Ncasado,1,30,superior,7,Nao,Fem,1,Sim,Nao,Nao,Nao,27.5,0,0,0,27.5,Nao,0
28,Basico,3,20,Casado,1,17,medio,0,Nao,Fem,4,Nao,Nao,Nao,Nao,0,0,0,0,0,Sim,1
29,Basico,35,61,Ncasado,23,41,medio,11,Nao,Masc,1,Nao,Nao,Sim,Nao,0,0,9.5,0,9.5,Nao,0
30,Basico,13,54,Ncasado,2,31,superior,2,Nao,Masc,1,Nao,Nao,Nao,Nao,0,0,0,0,0,Nao,0
31,Basico,3,37,Ncasado,13,24,Inc_medio,3,Nao,Fem,1,Nao,Nao,Nao,Nao,0,0,0,0,0,Nao,0
32,Basico,13,34,Ncasado,11,20,Inc_sup,0,Nao,Fem,1,Nao,Nao,Nao,Nao,0,0,0,0,0,Nao,0
33,Basico,3,31,Ncasado,1,28,Inc_medio,0,Nao,Masc,1,Sim,Sim,Sim,Nao,15.5,23.3,23.5,0,62.3,Sim,1
34,Basico,51,48,Ncasado,12,64,medio,22,Nao,Fem,1,Nao,Nao,Sim,Nao,0,0,17,0,17,Nao,0
35,Basico,33,41,Ncasado,15,37,medio,11,Nao,Masc,1,Nao,Nao,Nao,Nao,0,0,0,0,0,Nao,0
36,Basico,14,47,Casado,7,48,Inc_medio,13,Nao,Masc,2,Sim,Nao,Nao,Nao,11,0,0,0,11,Nao,0
37,Basico,19,29,Casado,9,18,medio,2,Nao,Masc,3,Nao,Nao,Nao,Nao,0,0,0,0,0,Sim,1
38,Basico,7,35,Casado,0,47,Inc_medio,14,Nao,Masc,5,Nao,Nao,Nao,Nao,0,0,0,0,0,Sim,1
39,Basico,2,40,Ncasado,19,51,superior,14,Nao,Fem,1,Nao,Nao,Nao,Nao,0,0,0,0,0,Nao,0
40,Basico,40,38,Ncasado,17,96,superior,0,Nao,Fem,1,Nao,Nao,Nao,Nao,0,0,0,0,0,Nao,0
41,Basico,46,25,Ncasado,5,57,posgrad,0,Nao,Fem,2,Sim,Sim,Sim,Sim,21.25,39.4,9.75,28.35,98.75,Nao,0
42,Basico,50,27,Casado,5,22,medio,5,Nao,Fem,3,Nao,Nao,Sim,Nao,0,0,13.25,0,13.25,Nao,0
43,Basico,4,47,Ncasado,5,123,superior,11,Nao,Masc,1,Nao,Sim,Sim,Nao,0,25.3,13.75,0,39.05,Nao,0
44,Basico,15,35,Ncasado,0,34,Inc_medio,12,Nao,Masc,1,Nao,Nao,Nao,Nao,0,0,0,0,0,Nao,0
45,Basico,59,52,Casado,18,78,Inc_medio,25,Nao,Masc,2,Nao,Nao,Nao,Nao,0,0,0,0,0,Nao,0
46,Basico,16,34,Casado,5,51,medio,8,Nao,Fem,5,Nao,Nao,Sim,Nao,0,0,16.5,0,16.5,Nao,0
47,Basico,7,31,Ncasado,10,59,Inc_sup,10,Nao,Masc,1,Nao,Sim,Nao,Nao,0,29.8,0,0,29.8,Nao,0
48,Basico,18,48,Casado,20,41,Inc_medio,2,Nao,Fem,2,Sim,Nao,Sim,Nao,13,0,8,0,21,Nao,0
49,Basico,7,33,Ncasado,4,29,superior,4,Nao,Fem,3,Nao,Sim,Nao,Nao,0,28.35,0,0,28.35,Sim,1
50,Basico,7,24,Ncasado,5,29,medio,3,Nao,Masc,3,Sim,Nao,Nao,Nao,13.5,0,0,0,13.5,Sim,1
51,Basico,3,33,Ncasado,8,51,superior,0,Nao,Fem,1,Nao,Sim,Nao,Nao,0,19.9,0,0,19.9,Sim,1
52,Basico,9,33,Ncasado,1,48,medio,13,Nao,Masc,2,Sim,Nao,Sim,Nao,13.25,0,30.5,0,43.75,Nao,0
53,Basico,24,26,Ncasado,2,32,Inc_sup,2,Nao,Masc,3,Nao,Nao,Nao,Nao,0,0,0,0,0,Nao,0
54,Basico,12,22,Casado,1,18,Inc_sup,0,Nao,Fem,2,Nao,Nao,Nao,Nao,0,0,0,0,0,Nao,0
55,Basico,57,54,Casado,20,21,medio,0,Nao,Fem,3,Nao,Nao,Sim,Nao,0,0,17,0,17,Nao,0
56,Basico,17,51,Casado,10,95,medio,15,Nao,Fem,2,Nao,Nao,Nao,Nao,0,0,0,0,0,Sim,1
57,Basico,22,43,Ncasado,4,114,medio,19,Nao,Masc,1,Nao,Sim,Nao,Nao,0,22.7,0,0,22.7,Nao,0
58,Basico,7,40,Ncasado,9,33,superior,2,Nao,Fem,1,Nao,Nao,Nao,Nao,0,0,0,0,0,Nao,0
59,Basico,35,43,Ncasado,12,224,Inc_sup,17,Nao,Masc,1,Nao,Nao,Sim,Nao,0,0,9.5,0,9.5,Nao,0
60,Basico,29,37,Casado,9,119,Inc_sup,12,Nao,Masc,3,Nao,Nao,Nao,Nao,0,0,0,0,0,Nao,0
61,Basico,13,55,Ncasado,3,250,medio,35,Nao,Fem,2,Nao,Nao,Nao,Nao,0,0,0,0,0,Nao,0
62,Basico,3,33,Ncasado,6,64,superior,0,Nao,Masc,2,Nao,Sim,Nao,Nao,0,20.75,0,0,20.75,Sim,1
63,Basico,39,24,Casado,2,26,medio,4,Nao,Masc,4,Nao,Nao,Sim,Nao,0,0,12.5,0,12.5,Sim,1
64,Basico,62,46,Ncasado,27,200,Inc_sup,9,Nao,Fem,1,Nao,Nao,Sim,Nao,0,0,74,0,74,Nao,0
65,Basico,56,60,Ncasado,26,70,medio,20,Nao,Masc,1,Nao,Sim,Nao,Sim,0,29.3,0,26.15,55.45,Nao,0
66,Basico,37,37,Ncasado,7,172,Inc_sup,13,Nao,Masc,1,Nao,Nao,Nao,Nao,0,0,0,0,0,Nao,0
67,Basico,6,30,Ncasado,9,45,medio,2,Nao,Fem,1,Nao,Nao,Nao,Nao,0,0,0,0,0,Sim,1
68,Basico,21,29,Ncasado,7,40,superior,2,Nao,Fem,4,Sim,Sim,Sim,Sim,17,36.2,19.25,33.4,105.85,Nao,0
69,Basico,7,37,Ncasado,5,57,superior,1,Nao,Masc,1,Nao,Nao,Nao,Nao,0,0,0,0,0,Nao,0
70,Basico,16,19,Ncasado,0,21,medio,0,Nao,Fem,1,Nao,Nao,Nao,Nao,0,0,0,0,0,Nao,0
71,Basico,44,31,Ncasado,12,30,Inc_medio,7,Nao,Fem,3,Nao,Nao,Sim,Nao,0,0,13,0,13,Nao,0
72,Basico,24,39,Ncasado,11,49,Inc_sup,7,Nao,Fem,1,Nao,Sim,Nao,Nao,0,30.9,0,0,30.9,Nao,0
73,Basico,24,26,Ncasado,7,55,medio,7,Nao,Fem,1,Nao,Nao,Nao,Nao,0,0,0,0,0,Nao,0
74,Basico,33,55,Casado,21,64,Inc_sup,10,Nao,Fem,3,Sim,Nao,Sim,Nao,14.5,0,24.75,0,39.25,Nao,0
75,Basico,2,40,Ncasado,9,134,superior,2,Nao,Masc,1,Nao,Sim,Nao,Nao,0,23.8,0,0,23.8,Nao,0
76,Basico,40,63,Casado,9,61,Inc_medio,22,Nao,Masc,2,Nao,Nao,Sim,Nao,0,0,41,0,41,Nao,0
77,Basico,19,46,Ncasado,11,26,medio,0,Nao,Fem,1,Nao,Nao,Sim,Nao,0,0,5,0,5,Nao,0
78,Basico,60,55,Casado,13,67,Inc_medio,18,Nao,Fem,2,Nao,Nao,Sim,Nao,0,0,14.75,0,14.75,Nao,0
79,Basico,48,45,Casado,5,42,Inc_medio,11,Nao,Fem,2,Nao,Nao,Nao,Nao,0,0,0,0,0,Nao,0
80,Basico,33,33,Ncasado,4,53,medio,14,Nao,Fem,1,Nao,Nao,Nao,Nao,0,0,0,0,0,Nao,0
81,Basico,48,55,Ncasado,31,26,Inc_medio,1,Nao,Masc,1,Nao,Nao,Nao,Nao,0,0,0,0,0,Nao,0
82,Basico,35,45,Ncasado,17,29,Inc_medio,6,Nao,Masc,1,Nao,Nao,Nao,Nao,0,0,0,0,0,Nao,0
83,Basico,34,51,Ncasado,8,50,superior,14,Nao,Masc,1,Nao,Nao,Sim,Nao,0,0,15.75,0,15.75,Nao,0
84,Basico,1,21,Ncasado,1,18,Inc_sup,0,Nao,Fem,1,Nao,Sim,Nao,Nao,0,32.7,0,0,32.7,Sim,1
85,Basico,59,25,Casado,4,18,Inc_sup,2,Nao,Masc,4,Nao,Sim,Sim,Nao,0,32.55,22.75,0,55.3,Nao,0
86,Basico,8,26,Casado,1,25,superior,1,Nao,Masc,2,Nao,Sim,Nao,Nao,0,20.05,0,0,20.05,Sim,1
87,Basico,41,45,Ncasado,14,25,Inc_sup,6,Nao,Masc,1,Nao,Sim,Sim,Sim,0,42.4,14,23.2,79.6,Sim,1
88,Basico,1,26,Casado,3,30,medio,7,Nao,Fem,5,Nao,Sim,Nao,Nao,0,15.4,0,0,15.4,Sim,1
89,Basico,23,27,Casado,2,51,posgrad,1,Nao,Fem,2,Nao,Sim,Nao,Nao,0,24.15,0,0,24.15,Sim,1
90,Basico,12,22,Ncasado,1,23,superior,0,Nao,Masc,2,Nao,Nao,Nao,Nao,0,0,0,0,0,Nao,0
91,Basico,3,25,Casado,2,45,superior,0,Nao,Fem,2,Sim,Sim,Nao,Nao,15.75,31.15,0,0,46.9,Sim,1
92,Basico,14,36,Ncasado,13,67,posgrad,4,Nao,Fem,1,Nao,Sim,Nao,Nao,0,25.1,0,0,25.1,Nao,0
93,Basico,22,51,Ncasado,27,49,Inc_sup,1,Nao,Masc,1,Nao,Sim,Sim,Nao,0,30.45,17.5,0,47.95,Nao,0
94,Basico,65,47,Casado,18,37,Inc_medio,15,Nao,Fem,4,Nao,Nao,Sim,Nao,0,0,14,0,14,Nao,0
95,Basico,26,45,Ncasado,18,33,Inc_medio,9,Nao,Masc,1,Sim,Nao,Sim,Nao,24.25,0,11.25,0,35.5,Nao,0
96,Basico,34,55,Ncasado,2,48,medio,11,Nao,Masc,1,Nao,Nao,Nao,Nao,0,0,0,0,0,Nao,0
97,Basico,22,23,Casado,3,16,Inc_medio,5,Nao,Masc,4,Nao,Nao,Sim,Nao,0,0,8.5,0,8.5,Nao,0
98,Basico,5,69,Ncasado,0,11,medio,14,Sim,Masc,1,Sim,Nao,Sim,Nao,9.75,0,8,0,17.75,Nao,0
99,Basico,20,41,Casado,7,67,superior,14,Nao,Fem,4,Nao,Nao,Nao,Nao,0,0,0,0,0,Nao,0
100,Basico,30,43,Ncasado,18,53,superior,6,Nao,Masc,1,Nao,Sim,Nao,Nao,0,26.8,0,0,26.8,Nao,0
101,Basico,8,29,Casado,2,21,posgrad,0,Nao,Masc,2,Nao,Sim,Nao,Nao,0,24.3,0,0,24.3,Sim,1
102,Basico,45,66,Ncasado,11,87,Inc_sup,25,Sim,Fem,1,Nao,Nao,Sim,Nao,0,0,21.25,0,21.25,Nao,0
103,Basico,37,76,Ncasado,38,117,superior,21,Nao,Fem,1,Nao,Nao,Sim,Nao,0,0,6.25,0,6.25,Nao,0
104,Basico,63,56,Ncasado,17,71,Inc_sup,18,Nao,Fem,1,Nao,Nao,Sim,Nao,0,0,24.75,0,24.75,Nao,0
105,Basico,7,43,Ncasado,4,69,Inc_sup,5,Nao,Fem,1,Nao,Nao,Nao,Nao,0,0,0,0,0,Nao,0
106,Basico,20,31,Casado,10,39,medio,3,Nao,Fem,2,Nao,Nao,Nao,Nao,0,0,0,0,0,Nao,0
107,Basico,33,28,Casado,3,24,medio,0,Nao,Fem,6,Nao,Nao,Sim,Nao,0,0,15.75,0,15.75,Nao,0
108,Basico,12,34,Ncasado,2,44,medio,7,Nao,Masc,1,Nao,Nao,Nao,Nao,0,0,0,0,0,Nao,0
109,Basico,33,33,Ncasado,7,56,medio,11,Nao,Masc,1,Nao,Nao,Sim,Nao,0,0,16,0,16,Nao,0
110,Basico,46,49,Casado,13,51,medio,21,Nao,Masc,2,Nao,Nao,Sim,Nao,0,0,21.75,0,21.75,Sim,1
111,Basico,61,52,Casado,30,91,Inc_medio,25,Nao,Fem,2,Nao,Nao,Sim,Nao,0,0,47,0,47,Nao,0
112,Basico,39,34,Ncasado,2,54,Inc_sup,5,Nao,Masc,1,Nao,Nao,Sim,Nao,0,0,13.25,0,13.25,Nao,0
113,Basico,5,31,Ncasado,1,21,Inc_sup,1,Nao,Fem,2,Nao,Nao,Nao,Nao,0,0,0,0,0,Sim,1
114,Basico,18,44,Casado,10,107,Inc_medio,19,Nao,Fem,7,Nao,Nao,Nao,Nao,0,0,0,0,0,Nao,0
115,Basico,1,20,Ncasado,1,21,medio,0,Nao,Fem,2,Nao,Sim,Nao,Nao,0,23.85,0,0,23.85,Sim,1
116,Basico,4,25,Casado,3,71,Inc_sup,3,Nao,Fem,5,Nao,Sim,Nao,Nao,0,28.7,0,0,28.7,Nao,0
117,Basico,42,57,Casado,25,209,Inc_medio,40,Nao,Fem,4,Nao,Nao,Sim,Nao,0,0,11,0,11,Nao,0
118,Basico,45,59,Ncasado,14,51,Inc_medio,15,Nao,Masc,2,Nao,Nao,Sim,Nao,0,0,5.25,0,5.25,Nao,0
119,Basico,15,35,Ncasado,10,25,medio,3,Nao,Masc,1,Nao,Sim,Nao,Nao,0,21.4,0,0,21.4,Sim,1
120,Basico,52,62,Ncasado,23,36,superior,17,Nao,Masc,1,Sim,Nao,Sim,Nao,18.5,0,18.5,0,37,Nao,0
121,Basico,33,30,Ncasado,11,28,Inc_medio,9,Nao,Masc,1,Nao,Nao,Nao,Nao,0,0,0,0,0,Nao,0
122,Basico,64,39,Ncasado,5,37,Inc_medio,9,Nao,Masc,1,Nao,Nao,Sim,Nao,0,0,17.5,0,17.5,Nao,0
123,Basico,22,41,Casado,9,29,Inc_sup,11,Nao,Masc,4,Nao,Nao,Nao,Nao,0,0,0,0,0,Sim,1
124,Basico,10,56,Ncasado,26,9,medio,6,Sim,Masc,2,Nao,Nao,Nao,Nao,0,0,0,0,0,Nao,0
125,Basico,15,54,Ncasado,7,62,Inc_medio,11,Nao,Masc,1,Nao,Nao,Nao,Nao,0,0,0,0,0,Nao,0
126,Basico,10,33,Casado,2,66,Inc_sup,9,Nao,Fem,4,Sim,Nao,Sim,Nao,21.25,0,25.25,0,46.5,Sim,1
127,Basico,24,30,Casado,7,45,Inc_medio,11,Nao,Fem,2,Nao,Nao,Nao,Nao,0,0,0,0,0,Nao,0
128,Basico,16,34,Casado,13,56,Inc_sup,10,Nao,Fem,3,Nao,Nao,Nao,Nao,0,0,0,0,0,Sim,1
129,Basico,5,32,Ncasado,6,33,superior,3,Nao,Masc,2,Nao,Sim,Nao,Nao,0,21.6,0,0,21.6,Sim,1
130,Basico,54,68,Ncasado,7,273,Inc_sup,27,Nao,Fem,1,Nao,Nao,Sim,Nao,0,0,6,0,6,Nao,0
131,Basico,14,31,Casado,9,39,Inc_sup,4,Nao,Fem,7,Nao,Nao,Nao,Nao,0,0,0,0,0,Nao,0
132,Basico,14,28,Casado,7,17,medio,3,Nao,Masc,4,Nao,Sim,Nao,Nao,0,20.85,0,0,20.85,Sim,1
133,Basico,7,23,Ncasado,3,27,medio,1,Nao,Fem,3,Sim,Nao,Sim,Nao,9.5,0,7,0,16.5,Nao,0
134,Basico,3,23,Ncasado,2,20,medio,4,Nao,Masc,1,Nao,Sim,Nao,Nao,0,30,0,0,30,Nao,0
135,Basico,56,58,Casado,3,92,Inc_medio,25,Nao,Masc,3,Nao,Nao,Sim,Nao,0,0,19.75,0,19.75,Nao,0
136,Basico,25,29,Ncasado,9,55,superior,1,Nao,Masc,1,Sim,Nao,Nao,Nao,24.75,0,0,0,24.75,Sim,1
137,Basico,42,62,Ncasado,26,26,Inc_medio,35,Sim,Fem,1,Nao,Nao,Sim,Nao,0,0,27,0,27,Nao,0
138,Basico,4,37,Ncasado,2,41,medio,8,Nao,Masc,1,Sim,Sim,Sim,Nao,13.5,29.9,16.5,0,59.9,Nao,0
139,Basico,12,50,Casado,16,203,superior,25,Nao,Masc,2,Sim,Nao,Sim,Sim,22,0,11.25,28.3,61.55,Sim,1
140,Basico,3,31,Casado,4,22,Inc_medio,1,Nao,Masc,2,Nao,Sim,Nao,Nao,0,22.7,0,0,22.7,Sim,1
141,Basico,32,54,Ncasado,6,155,medio,20,Nao,Masc,1,Nao,Nao,Nao,Nao,0,0,0,0,0,Nao,0
142,Basico,4,36,Ncasado,0,21,medio,1,Nao,Fem,3,Nao,Nao,Nao,Nao,0,0,0,0,0,Nao,0
143,Basico,32,34,Casado,7,32,medio,15,Nao,Masc,4,Nao,Nao,Nao,Nao,0,0,0,0,0,Nao,0
144,Basico,29,26,Ncasado,1,32,Inc_sup,2,Nao,Fem,1,Nao,Nao,Sim,Nao,0,0,15.75,0,15.75,Sim,1
145,Basico,35,50,Casado,11,293,Inc_sup,21,Nao,Masc,2,Nao,Sim,Nao,Nao,0,23.9,0,0,23.9,Sim,1
146,Basico,11,63,Ncasado,9,41,Inc_sup,3,Nao,Masc,1,Nao,Sim,Nao,Nao,0,29.9,0,0,29.9,Sim,1
147,Basico,9,29,Ncasado,9,39,Inc_sup,5,Nao,Fem,1,Nao,Nao,Nao,Nao,0,0,0,0,0,Nao,0
148,Basico,33,58,Ncasado,12,21,medio,23,Sim,Fem,1,Nao,Nao,Sim,Nao,0,0,20.75,0,20.75,Nao,0
149,Basico,49,57,Ncasado,3,189,Inc_medio,31,Nao,Fem,3,Nao,Nao,Sim,Nao,0,0,8.75,0,8.75,Nao,0
150,Basico,45,32,Casado,9,23,Inc_medio,15,Nao,Masc,4,Nao,Nao,Nao,Nao,0,0,0,0,0,Nao,0
151,Basico,4,37,Casado,1,33,medio,15,Nao,Fem,5,Nao,Sim,Nao,Nao,0,21.9,0,0,21.9,Sim,1
152,Basico,9,28,Ncasado,7,30,Inc_medio,4,Nao,Fem,6,Nao,Nao,Nao,Nao,0,0,0,0,0,Nao,0
153,Basico,55,57,Casado,25,34,medio,12,Nao,Masc,3,Nao,Nao,Sim,Nao,0,0,29.5,0,29.5,Nao,0
154,Basico,23,35,Ncasado,4,118,medio,11,Nao,Masc,1,Nao,Sim,Nao,Nao,0,30.15,0,0,30.15,Sim,1
155,Basico,1,30,Ncasado,3,135,superior,3,Nao,Masc,3,Sim,Sim,Sim,Nao,5.75,22.8,2.75,0,31.3,Sim,1
156,Basico,18,28,Casado,3,22,Inc_medio,2,Nao,Fem,5,Nao,Nao,Sim,Nao,173,0,9.5,0,182.5,Nao,0
157,Basico,13,40,Ncasado,16,142,medio,18,Nao,Fem,1,Nao,Nao,Nao,Nao,0,0,0,0,0,Sim,1
158,Basico,6,26,Ncasado,7,30,Inc_sup,1,Nao,Fem,2,Nao,Sim,Nao,Nao,0,19.75,0,0,19.75,Sim,1
159,Basico,13,23,Casado,4,31,Inc_medio,5,Nao,Fem,4,Nao,Sim,Nao,Sim,0,35.45,0,27.7,63.15,Nao,0
160,Basico,4,40,Ncasado,12,38,medio,5,Nao,Masc,1,Nao,Nao,Sim,Nao,0,0,12,0,12,Nao,0
161,Basico,35,40,Ncasado,5,49,Inc_medio,20,Nao,Fem,1,Nao,Nao,Nao,Nao,0,0,0,0,0,Nao,0
162,Basico,44,41,Ncasado,21,51,Inc_sup,7,Nao,Masc,1,Nao,Sim,Sim,Nao,0,31.55,10.75,0,42.3,Nao,0
163,Basico,26,41,Casado,20,19,Inc_medio,0,Nao,Fem,6,Nao,Nao,Nao,Nao,0,0,0,0,0,Nao,0
164,Basico,42,46,Casado,9,31,Inc_medio,12,Nao,Fem,3,Nao,Nao,Sim,Nao,0,0,23,0,23,Nao,0
165,Basico,41,47,Casado,6,90,medio,19,Nao,Masc,3,Nao,Sim,Sim,Nao,0,20.2,31.25,0,51.45,Sim,1
166,Basico,31,24,Casado,3,14,Inc_medio,0,Nao,Masc,4,Nao,Nao,Nao,Nao,0,0,0,0,0,Nao,0
167,Basico,47,34,Casado,4,63,medio,13,Nao,Fem,4,Nao,Nao,Sim,Nao,0,0,30.5,0,30.5,Nao,0
168,Basico,11,19,Ncasado,0,21,medio,0,Nao,Masc,1,Nao,Nao,Nao,Nao,0,0,0,0,0,Sim,1
169,Basico,4,32,Ncasado,2,53,superior,5,Nao,Masc,1,Sim,Sim,Nao,Nao,11,26.25,0,0,37.25,Sim,1
170,Basico,7,27,Ncasado,3,39,Inc_sup,2,Nao,Masc,1,Nao,Nao,Nao,Nao,0,0,0,0,0,Sim,1
171,Basico,35,34,Ncasado,7,78,superior,10,Nao,Fem,1,Nao,Nao,Sim,Nao,0,0,4.5,0,4.5,Nao,0
172,Basico,22,48,Ncasado,7,88,superior,12,Nao,Masc,1,Nao,Sim,Nao,Nao,0,31.85,0,0,31.85,Sim,1
173,Basico,11,32,Ncasado,8,23,medio,0,Nao,Fem,1,Nao,Sim,Sim,Nao,0,28.4,7.25,0,35.65,Nao,0
174,Basico,5,47,Ncasado,7,46,Inc_medio,6,Nao,Fem,1,Nao,Nao,Sim,Nao,0,0,7.25,0,7.25,Sim,1
175,Basico,18,56,Ncasado,22,296,medio,25,Nao,Masc,1,Nao,Nao,Sim,Nao,0,0,8.25,0,8.25,Nao,0
176,Basico,20,49,Casado,5,264,medio,29,Nao,Fem,2,Nao,Nao,Nao,Nao,0,0,0,0,0,Nao,0
177,Basico,69,66,Casado,31,49,medio,15,Nao,Masc,2,Sim,Nao,Sim,Nao,29.25,0,25.5,0,54.75,Nao,0
178,Basico,27,24,Casado,3,26,Inc_medio,7,Nao,Fem,4,Nao,Nao,Nao,Nao,0,0,0,0,0,Sim,1
179,Basico,18,52,Casado,20,66,Inc_medio,19,Nao,Fem,2,Sim,Nao,Sim,Nao,27.75,0,10.5,0,38.25,Nao,0
180,Basico,9,24,Casado,3,26,superior,1,Nao,Fem,3,Nao,Sim,Nao,Nao,0,23.25,0,0,23.25,Nao,0
181,Basico,9,41,Ncasado,12,39,superior,3,Nao,Masc,1,Nao,Sim,Nao,Sim,0,39.65,0,20.8,60.45,Sim,1
182,Basico,3,64,Ncasado,3,9,medio,6,Sim,Masc,1,Nao,Nao,Nao,Nao,0,0,0,0,0,Sim,1
183,Basico,33,36,Ncasado,2,41,posgrad,10,Nao,Masc,1,Nao,Sim,Nao,Sim,0,39.1,0,27.05,66.15,Sim,1
184,Basico,23,50,Ncasado,1,151,superior,8,Nao,Fem,1,Sim,Nao,Nao,Nao,21.75,0,0,0,21.75,Nao,0
185,Basico,36,42,Ncasado,5,31,Inc_medio,4,Nao,Fem,1,Nao,Nao,Nao,Nao,0,0,0,0,0,Sim,1
186,Basico,24,58,Casado,30,24,Inc_medio,5,Nao,Masc,2,Sim,Nao,Nao,Nao,16,0,0,0,16,Nao,0
187,Basico,4,24,Ncasado,1,17,medio,2,Nao,Masc,3,Nao,Nao,Nao,Nao,0,0,0,0,0,Sim,1
188,Basico,12,31,Ncasado,8,18,superior,4,Nao,Masc,1,Nao,Sim,Nao,Nao,0,24.3,0,0,24.3,Sim,1
189,Basico,3,21,Casado,1,36,Inc_sup,0,Nao,Fem,4,Nao,Nao,Nao,Nao,0,0,0,0,0,Nao,0
190,Basico,32,33,Ncasado,1,38,Inc_medio,12,Nao,Fem,1,Nao,Nao,Sim,Nao,0,0,33.75,0,33.75,Nao,0
191,Basico,9,25,Ncasado,3,27,Inc_medio,4,Nao,Fem,1,Nao,Nao,Nao,Nao,0,0,0,0,0,Sim,1
192,Basico,55,46,Ncasado,8,87,medio,19,Nao,Fem,1,Nao,Sim,Sim,Nao,0,28,15.25,0,43.25,Nao,0
193,Basico,10,40,Ncasado,6,22,Inc_sup,6,Nao,Fem,1,Nao,Nao,Nao,Nao,0,0,0,0,0,Sim,1
194,Basico,30,28,Ncasado,1,20,Inc_medio,8,Nao,Fem,1,Nao,Nao,Nao,Nao,0,0,0,0,0,Sim,1
195,Basico,1,33,Ncasado,5,53,superior,6,Nao,Fem,1,Nao,Nao,Nao,Nao,0,0,0,0,0,Sim,1
196,Basico,25,55,Ncasado,15,37,Inc_medio,7,Nao,Fem,1,Nao,Nao,Nao,Nao,0,0,0,0,0,Sim,1
197,Basico,30,51,Casado,9,118,posgrad,21,Nao,Fem,2,Nao,Nao,Nao,Nao,0,0,0,0,0,Nao,0
198,Basico,18,25,Ncasado,4,26,medio,7,Nao,Fem,3,Sim,Nao,Sim,Nao,27.5,0,31,0,58.5,Nao,0
199,Basico,9,37,Casado,10,14,superior,5,Nao,Fem,6,Nao,Sim,Nao,Nao,0,25.25,0,0,25.25,Sim,1
200,Basico,1,34,Casado,6,18,Inc_medio,0,Nao,Fem,2,Nao,Nao,Nao,Nao,0,0,0,0,0,Sim,1
201,Basico,19,41,Ncasado,5,53,superior,6,Nao,Masc,1,Nao,Nao,Nao,Nao,0,0,0,0,0,Nao,0
202,Basico,17,41,Casado,9,28,superior,3,Nao,Masc,6,Nao,Nao,Sim,Nao,0,0,10,0,10,Nao,0
203,Basico,16,36,Ncasado,13,58,superior,4,Nao,Masc,1,Sim,Sim,Nao,Nao,18,31.75,0,0,49.75,Nao,0
204,Basico,8,42,Casado,2,129,superior,17,Nao,Fem,3,Nao,Nao,Nao,Nao,0,0,0,0,0,Nao,0
205,Basico,59,57,Ncasado,26,311,Inc_sup,36,Nao,Fem,1,Nao,Nao,Sim,Nao,0,0,7.5,0,7.5,Nao,0
206,Basico,28,50,Casado,7,25,Inc_medio,3,Nao,Masc,2,Nao,Nao,Sim,Nao,0,0,13,0,13,Nao,0
207,Basico,15,38,Casado,11,46,posgrad,11,Nao,Masc,3,Nao,Nao,Nao,Nao,0,0,0,0,0,Sim,1
208,Basico,32,37,Ncasado,9,44,medio,7,Nao,Masc,1,Nao,Nao,Nao,Nao,0,0,0,0,0,Nao,0
209,Basico,6,29,Casado,4,19,medio,5,Nao,Fem,2,Nao,Nao,Nao,Nao,0,0,0,0,0,Nao,0
210,Basico,32,47,Ncasado,25,135,medio,6,Nao,Fem,1,Nao,Nao,Nao,Nao,0,0,0,0,0,Nao,0
211,Basico,56,61,Casado,14,12,Inc_medio,16,Sim,Fem,2,Nao,Nao,Sim,Nao,0,0,11.25,0,11.25,Nao,0
212,Basico,24,61,Casado,6,112,superior,3,Nao,Fem,4,Nao,Nao,Sim,Nao,0,0,11,0,11,Sim,1
213,Basico,42,50,Casado,17,85,medio,15,Nao,Fem,4,Nao,Nao,Sim,Nao,0,0,11.5,0,11.5,Nao,0
214,Basico,30,57,Casado,16,19,Inc_medio,1,Nao,Masc,4,Nao,Nao,Sim,Nao,0,0,8.5,0,8.5,Sim,1
215,Basico,17,39,Ncasado,12,45,superior,10,Nao,Fem,1,Nao,Sim,Nao,Nao,0,28.95,0,0,28.95,Sim,1
216,Basico,4,37,Casado,8,25,Inc_medio,1,Nao,Fem,5,Nao,Nao,Nao,Nao,0,0,0,0,0,Nao,0
217,Basico,67,77,Ncasado,55,49,Inc_medio,45,Sim,Fem,1,Nao,Nao,Sim,Nao,0,0,26.75,0,26.75,Nao,0
218,Basico,24,48,Casado,3,38,Inc_medio,16,Nao,Fem,2,Nao,Nao,Sim,Nao,0,0,11.25,0,11.25,Nao,0
219,Basico,24,54,Casado,7,84,Inc_sup,10,Nao,Fem,2,Nao,Sim,Sim,Nao,0,28.7,10.5,0,39.2,Sim,1
220,Basico,58,46,Casado,23,23,Inc_medio,2,Nao,Fem,2,Nao,Sim,Sim,Nao,0,25.6,10.5,0,36.1,Nao,0
221,Basico,13,36,Ncasado,11,31,medio,0,Nao,Masc,1,Nao,Nao,Nao,Nao,0,0,0,0,0,Sim,1
222,Basico,28,22,Casado,3,23,Inc_sup,1,Nao,Masc,5,Nao,Nao,Nao,Nao,0,0,0,0,0,Nao,0
223,Basico,10,26,Casado,4,25,Inc_medio,4,Nao,Fem,3,Nao,Nao,Nao,Nao,0,0,0,0,0,Nao,0
224,Basico,44,31,Ncasado,8,16,Inc_medio,3,Nao,Masc,1,Nao,Nao,Sim,Nao,0,0,12,0,12,Sim,1
225,Basico,11,26,Ncasado,7,20,medio,4,Nao,Masc,1,Nao,Nao,Nao,Nao,0,0,0,0,0,Nao,0
226,Basico,69,42,Casado,23,19,Inc_sup,0,Nao,Fem,2,Nao,Sim,Sim,Nao,0,36.9,18.75,0,55.65,Nao,0
227,Basico,30,24,Casado,3,30,Inc_medio,7,Nao,Fem,5,Nao,Nao,Nao,Nao,0,0,0,0,0,Sim,1
228,Basico,10,20,Casado,1,20,medio,0,Nao,Fem,4,Nao,Nao,Nao,Nao,0,0,0,0,0,Sim,1
229,Basico,6,27,Casado,5,26,superior,2,Nao,Masc,5,Sim,Nao,Nao,Nao,12,0,0,0,12,Sim,1
230,Basico,50,25,Ncasado,6,19,Inc_medio,5,Nao,Masc,3,Nao,Nao,Sim,Nao,0,0,7.5,0,7.5,Nao,0
231,Basico,61,73,Ncasado,10,25,Inc_medio,21,Sim,Masc,1,Nao,Nao,Sim,Nao,0,0,71,0,71,Nao,0
232,Basico,6,21,Ncasado,0,15,medio,1,Nao,Fem,1,Nao,Nao,Nao,Nao,0,0,0,0,0,Nao,0
233,Basico,1,22,Ncasado,2,35,medio,2,Nao,Masc,1,Nao,Nao,Nao,Nao,0,0,0,0,0,Sim,1
234,Basico,31,47,Casado,18,35,medio,0,Nao,Masc,2,Nao,Nao,Nao,Nao,0,0,0,0,0,Nao,0
235,Basico,7,31,Casado,12,31,medio,7,Nao,Fem,6,Nao,Nao,Nao,Nao,0,0,0,0,0,Sim,1
236,Basico,33,40,Casado,14,19,Inc_sup,5,Nao,Masc,2,Nao,Nao,Sim,Nao,0,0,8.5,0,8.5,Nao,0
237,Basico,36,48,Ncasado,28,29,Inc_medio,2,Nao,Masc,1,Nao,Nao,Nao,Nao,0,0,0,0,0,Nao,0
238,Basico,24,44,Ncasado,19,33,Inc_sup,0,Nao,Fem,2,Nao,Sim,Nao,Nao,0,26.65,0,0,26.65,Nao,0
239,Basico,54,28,Casado,2,21,Inc_sup,3,Nao,Masc,4,Nao,Nao,Sim,Nao,0,0,25.75,0,25.75,Nao,0
240,Basico,52,39,Ncasado,6,119,Inc_sup,18,Nao,Fem,1,Sim,Nao,Sim,Nao,25,0,8.25,0,33.25,Nao,0
241,Basico,38,30,Casado,10,25,Inc_medio,5,Nao,Fem,4,Nao,Nao,Sim,Nao,0,0,12,0,12,Nao,0
242,Basico,19,46,Ncasado,5,59,Inc_sup,17,Nao,Masc,1,Sim,Nao,Nao,Nao,9,0,0,0,9,Nao,0
243,Basico,22,33,Casado,2,24,Inc_medio,3,Nao,Masc,4,Nao,Nao,Nao,Nao,0,0,0,0,0,Nao,0
244,Basico,18,69,Ncasado,28,11,Inc_medio,17,Sim,Masc,1,Nao,Nao,Nao,Nao,0,0,0,0,0,Nao,0
245,Basico,8,39,Ncasado,0,39,Inc_medio,7,Nao,Fem,1,Sim,Nao,Nao,Nao,10.75,0,0,0,10.75,Nao,0
246,Basico,1,31,Ncasado,3,29,posgrad,2,Nao,Fem,3,Nao,Sim,Nao,Nao,0,25.25,0,0,25.25,Sim,1
247,Basico,51,49,Ncasado,29,45,Inc_medio,16,Nao,Masc,1,Nao,Nao,Sim,Nao,0,0,8.5,0,8.5,Nao,0
248,Basico,20,25,Casado,4,33,superior,0,Nao,Fem,3,Sim,Nao,Sim,Sim,16,0,19.25,27.05,62.3,Nao,0
249,Basico,14,49,Ncasado,4,26,Inc_medio,8,Nao,Masc,1,Nao,Nao,Sim,Nao,0,0,14.5,0,14.5,Nao,0
250,Basico,4,24,Ncasado,2,25,superior,0,Nao,Masc,1,Nao,Nao,Sim,Nao,0,0,15.75,0,15.75,Sim,1
251,Basico,13,41,Ncasado,9,55,medio,12,Nao,Fem,3,Nao,Nao,Nao,Nao,0,0,0,0,0,Nao,0
252,Basico,16,35,Ncasado,7,46,Inc_sup,3,Nao,Masc,1,Nao,Sim,Nao,Nao,0,27.15,0,0,27.15,Nao,0
253,Basico,71,48,Ncasado,25,288,Inc_sup,19,Nao,Masc,1,Nao,Nao,Sim,Nao,0,0,19.75,0,19.75,Nao,0
254,Basico,16,39,Casado,5,31,Inc_medio,4,Nao,Fem,5,Nao,Nao,Nao,Nao,0,0,0,0,0,Nao,0
255,Basico,5,34,Ncasado,12,22,medio,2,Nao,Masc,2,Sim,Sim,Nao,Sim,12.5,28.5,0,19.3,60.3,Sim,1
256,Basico,49,54,Casado,23,25,medio,1,Nao,Fem,4,Nao,Nao,Sim,Nao,0,0,41.25,0,41.25,Nao,0
257,Basico,26,30,Casado,4,76,Inc_sup,7,Nao,Masc,2,Nao,Sim,Nao,Nao,0,29.2,0,0,29.2,Nao,0
258,Basico,15,25,Casado,0,51,Inc_sup,2,Nao,Fem,2,Nao,Nao,Nao,Nao,0,0,0,0,0,Nao,0
259,Basico,48,45,Ncasado,15,41,Inc_medio,10,Nao,Fem,2,Nao,Nao,Nao,Nao,0,0,0,0,0,Nao,0
260,Basico,9,53,Casado,20,50,medio,13,Nao,Fem,2,Nao,Sim,Nao,Nao,0,21.35,0,0,21.35,Sim,1
261,Basico,45,51,Ncasado,13,146,superior,16,Nao,Masc,2,Nao,Nao,Sim,Nao,0,0,37.75,0,37.75,Nao,0
262,Basico,45,39,Casado,15,36,Inc_medio,11,Nao,Fem,5,Nao,Nao,Sim,Nao,0,0,14.25,0,14.25,Nao,0
263,Basico,1,20,Ncasado,1,18,Inc_sup,0,Nao,Masc,1,Nao,Sim,Nao,Sim,0,34.05,0,16.85,50.9,Sim,1
264,Basico,14,37,Casado,5,48,Inc_sup,1,Nao,Fem,4,Sim,Nao,Nao,Nao,14.5,0,0,0,14.5,Nao,0
265,Basico,10,39,Ncasado,0,27,Inc_sup,0,Nao,Fem,3,Nao,Sim,Nao,Nao,0,29.05,0,0,29.05,Nao,0
266,Basico,7,34,Ncasado,2,22,posgrad,5,Nao,Fem,1,Nao,Sim,Nao,Nao,0,25.6,0,0,25.6,Nao,0
267,Eletron,45,22,Casado,2,19,medio,4,Nao,Fem,5,Nao,Nao,Sim,Nao,0,0,8.75,0,8.75,Sim,1
268,Eletron,68,41,Casado,21,72,Inc_medio,22,Nao,Masc,3,Nao,Nao,Sim,Nao,0,0,16.5,0,16.5,Nao,0
269,Eletron,29,38,Casado,12,75,posgrad,1,Nao,Masc,4,Nao,Sim,Sim,Nao,0,30.25,11.25,0,41.5,Nao,0
270,Eletron,6,30,Ncasado,7,16,Inc_sup,1,Nao,Fem,1,Nao,Sim,Nao,Sim,0,33.8,0,18.7,52.5,Sim,1
271,Eletron,13,33,Casado,9,19,superior,0,Nao,Fem,2,Nao,Sim,Nao,Nao,0,27.35,0,0,27.35,Nao,0
272,Eletron,56,37,Casado,6,36,Inc_medio,13,Nao,Fem,2,Nao,Sim,Sim,Nao,0,31.1,18.25,0,49.35,Nao,0
273,Eletron,11,27,Casado,8,55,posgrad,0,Nao,Masc,3,Nao,Sim,Nao,Nao,0,19.55,0,0,19.55,Nao,0
274,Eletron,20,35,Casado,11,52,superior,0,Nao,Masc,2,Nao,Sim,Nao,Nao,0,30.55,0,0,30.55,Sim,1
275,Eletron,65,41,Casado,3,74,superior,16,Nao,Masc,2,Nao,Sim,Sim,Nao,0,37,17,0,54,Nao,0
276,Eletron,49,51,Casado,27,63,superior,19,Nao,Masc,5,Sim,Nao,Sim,Nao,25.75,0,14.25,0,40,Nao,0
277,Eletron,56,52,Casado,28,49,medio,12,Nao,Masc,4,Nao,Nao,Sim,Nao,0,0,22.25,0,22.25,Nao,0
278,Eletron,27,34,Ncasado,8,21,Inc_sup,4,Nao,Fem,1,Nao,Nao,Nao,Nao,0,0,0,0,0,Nao,0
279,Eletron,47,40,Casado,16,127,superior,12,Nao,Fem,4,Nao,Sim,Sim,Nao,0,28.15,14.75,0,42.9,Nao,0
280,Eletron,16,39,Ncasado,6,44,superior,3,Nao,Fem,1,Nao,Sim,Nao,Nao,0,23.3,0,0,23.3,Nao,0
281,Eletron,48,43,Ncasado,13,110,posgrad,15,Nao,Fem,3,Nao,Sim,Nao,Sim,0,33.5,0,20.65,54.15,Nao,0
282,Eletron,45,52,Casado,4,169,superior,29,Nao,Fem,4,Nao,Sim,Sim,Nao,0,40.45,14.25,0,54.7,Nao,0
283,Eletron,10,26,Ncasado,6,34,Inc_sup,3,Nao,Masc,1,Nao,Sim,Nao,Nao,0,27.7,0,0,27.7,Nao,0
284,Eletron,27,51,Casado,3,80,posgrad,11,Nao,Masc,3,Nao,Sim,Nao,Nao,0,39.4,0,0,39.4,Nao,0
285,Eletron,52,61,Casado,3,53,posgrad,1,Nao,Fem,2,Nao,Sim,Sim,Sim,0,38.4,8.75,35.95,83.1,Nao,0
286,Eletron,43,36,Casado,5,107,Inc_medio,19,Nao,Fem,3,Sim,Nao,Sim,Nao,12.75,0,21.5,0,34.25,Sim,1
287,Eletron,65,58,Ncasado,30,83,medio,16,Nao,Fem,1,Nao,Nao,Sim,Nao,0,0,22.75,0,22.75,Nao,0
288,Eletron,29,32,Casado,0,49,superior,3,Nao,Fem,3,Nao,Sim,Nao,Nao,0,33,0,0,33,Sim,1
289,Eletron,23,47,Ncasado,21,173,Inc_sup,22,Nao,Fem,1,Nao,Nao,Nao,Nao,0,0,0,0,0,Nao,0
290,Eletron,14,35,Ncasado,4,47,Inc_sup,10,Nao,Fem,1,Sim,Nao,Nao,Sim,21.75,0,0,24.15,45.9,Sim,1
291,Eletron,69,40,Casado,13,41,medio,17,Nao,Masc,3,Nao,Nao,Sim,Nao,0,0,33,0,33,Nao,0
292,Eletron,61,50,Casado,30,102,superior,9,Nao,Fem,3,Nao,Nao,Sim,Nao,0,0,12.5,0,12.5,Nao,0
293,Eletron,45,22,Casado,2,36,superior,0,Nao,Fem,5,Sim,Sim,Nao,Nao,14.75,26.15,0,0,40.9,Sim,1
294,Eletron,53,22,Ncasado,1,25,superior,0,Nao,Masc,2,Nao,Sim,Sim,Nao,0,27.15,6.5,0,33.65,Nao,0
295,Eletron,17,42,Casado,6,131,posgrad,6,Nao,Masc,3,Nao,Sim,Nao,Sim,0,35.35,0,21.65,57,Sim,1
296,Eletron,58,36,Ncasado,10,38,medio,14,Nao,Fem,1,Nao,Nao,Sim,Nao,0,0,17.75,0,17.75,Nao,0
297,Eletron,29,31,Casado,1,60,superior,6,Nao,Masc,5,Nao,Sim,Nao,Nao,0,26.75,0,0,26.75,Sim,1
298,Eletron,14,22,Casado,2,13,Inc_sup,0,Nao,Fem,4,Nao,Sim,Nao,Nao,0,26.85,0,0,26.85,Sim,1
299,Eletron,50,50,Casado,22,150,posgrad,5,Nao,Fem,4,Nao,Sim,Sim,Nao,0,33.4,50.75,0,84.15,Sim,1
300,Eletron,72,60,Casado,21,31,Inc_medio,38,Sim,Masc,2,Nao,Nao,Sim,Nao,0,0,33.5,0,33.5,Nao,0
301,Eletron,24,25,Casado,1,20,Inc_sup,1,Nao,Fem,2,Nao,Sim,Nao,Nao,0,27.95,0,0,27.95,Sim,1
302,Eletron,59,43,Casado,4,101,medio,22,Nao,Fem,5,Nao,Nao,Sim,Nao,0,0,20.75,0,20.75,Nao,0
303,Eletron,65,37,Ncasado,8,56,medio,15,Nao,Masc,1,Nao,Nao,Sim,Nao,0,0,10.75,0,10.75,Nao,0
304,Eletron,25,29,Casado,8,31,superior,3,Nao,Fem,5,Nao,Sim,Nao,Nao,0,33.05,0,0,33.05,Sim,1
305,Eletron,60,46,Ncasado,17,81,posgrad,9,Nao,Fem,1,Nao,Sim,Sim,Nao,0,39.25,10.25,0,49.5,Nao,0
306,Eletron,71,45,Casado,14,86,medio,25,Nao,Masc,2,Nao,Sim,Sim,Nao,0,33,35,0,68,Nao,0
307,Eletron,59,53,Ncasado,21,112,superior,16,Nao,Masc,1,Nao,Sim,Nao,Sim,0,38.55,0,25.3,63.85,Sim,1
308,Eletron,65,58,Ncasado,13,167,medio,14,Nao,Fem,2,Nao,Nao,Sim,Nao,0,0,17.25,0,17.25,Nao,0
309,Eletron,22,34,Casado,1,46,Inc_sup,1,Nao,Masc,4,Nao,Sim,Nao,Nao,0,23.4,0,0,23.4,Nao,0
310,Eletron,53,63,Casado,15,43,medio,18,Nao,Masc,2,Nao,Sim,Sim,Nao,0,37,11,0,48,Nao,0
311,Eletron,71,53,Ncasado,30,110,Inc_medio,34,Nao,Masc,1,Nao,Nao,Sim,Nao,0,0,14.75,0,14.75,Nao,0
312,Eletron,25,39,Casado,1,26,superior,0,Nao,Masc,4,Nao,Sim,Sim,Sim,0,35.95,23,24.75,83.7,Sim,1
313,Eletron,13,21,Ncasado,2,19,Inc_sup,0,Nao,Fem,1,Nao,Sim,Sim,Nao,0,25.2,5,0,30.2,Sim,1
314,Eletron,64,24,Casado,0,23,Inc_sup,1,Nao,Fem,5,Nao,Sim,Nao,Nao,0,35.55,0,0,35.55,Nao,0
315,Eletron,63,63,Casado,19,191,Inc_sup,27,Nao,Masc,2,Nao,Nao,Sim,Nao,0,0,7,0,7,Nao,0
316,Eletron,28,29,Ncasado,4,23,Inc_sup,5,Nao,Masc,2,Nao,Nao,Nao,Nao,0,0,0,0,0,Nao,0
317,Eletron,46,42,Ncasado,9,52,superior,7,Nao,Masc,3,Nao,Nao,Sim,Nao,0,0,21,0,21,Nao,0
318,Eletron,71,47,Casado,23,142,Inc_medio,30,Nao,Masc,2,Nao,Nao,Sim,Nao,0,0,82.25,0,82.25,Nao,0
319,Eletron,53,57,Ncasado,25,37,Inc_medio,7,Nao,Masc,1,Nao,Nao,Sim,Nao,0,0,9.25,0,9.25,Nao,0
320,Eletron,43,21,Casado,1,25,Inc_medio,4,Nao,Masc,4,Nao,Nao,Nao,Nao,0,0,0,0,0,Sim,1
321,Eletron,64,38,Ncasado,0,29,medio,2,Nao,Masc,2,Sim,Nao,Sim,Nao,15.5,0,16.75,0,32.25,Nao,0
322,Eletron,33,33,Casado,12,42,superior,7,Nao,Fem,5,Nao,Sim,Sim,Sim,0,30.95,23,23.35,77.3,Nao,0
323,Eletron,52,54,Casado,5,153,posgrad,10,Nao,Masc,2,Nao,Sim,Nao,Sim,0,36.3,0,30.15,66.45,Sim,1
324,Eletron,45,66,Ncasado,43,144,medio,13,Nao,Fem,1,Nao,Nao,Sim,Nao,0,0,13,0,13,Nao,0
325,Eletron,28,57,Ncasado,33,82,superior,22,Nao,Fem,1,Nao,Sim,Nao,Nao,0,31.45,0,0,31.45,Sim,1
326,Eletron,70,53,Casado,16,183,medio,35,Nao,Fem,2,Nao,Nao,Sim,Nao,0,0,15,0,15,Nao,0
327,Eletron,62,51,Ncasado,10,43,superior,19,Nao,Masc,2,Nao,Sim,Sim,Sim,0,42.7,17,41.15,100.85,Nao,0
328,Eletron,65,33,Casado,9,49,medio,6,Nao,Masc,5,Sim,Nao,Sim,Nao,17.25,0,17.5,0,34.75,Nao,0
329,Eletron,36,58,Ncasado,34,80,Inc_medio,21,Nao,Fem,1,Nao,Nao,Sim,Nao,0,0,8.5,0,8.5,Nao,0
330,Eletron,58,70,Ncasado,2,9,Inc_sup,24,Sim,Fem,1,Nao,Sim,Sim,Sim,0,48.35,29.75,35.15,113.25,Nao,0
331,Eletron,48,43,Casado,1,60,medio,12,Nao,Masc,2,Sim,Sim,Sim,Nao,19.25,29.6,31.5,0,80.35,Nao,0
332,Eletron,30,27,Ncasado,4,47,superior,2,Nao,Fem,2,Nao,Nao,Sim,Nao,0,0,21.25,0,21.25,Sim,1
333,Eletron,42,36,Casado,8,86,medio,15,Nao,Fem,2,Nao,Sim,Nao,Nao,0,30.6,0,0,30.6,Nao,0
334,Eletron,29,38,Casado,19,46,medio,6,Nao,Masc,2,Nao,Sim,Nao,Nao,0,22.95,0,0,22.95,Nao,0
335,Eletron,66,61,Ncasado,26,361,Inc_medio,40,Nao,Fem,1,Nao,Nao,Sim,Nao,0,0,38.5,0,38.5,Nao,0
336,Eletron,15,35,Casado,5,34,Inc_sup,8,Nao,Masc,2,Nao,Sim,Nao,Nao,0,25.55,0,0,25.55,Sim,1
337,Eletron,45,52,Ncasado,15,46,posgrad,8,Nao,Fem,1,Nao,Nao,Sim,Nao,0,0,8.75,0,8.75,Sim,1
338,Eletron,25,39,Casado,8,94,superior,11,Nao,Fem,4,Nao,Sim,Nao,Nao,0,30.75,0,0,30.75,Sim,1
339,Eletron,5,30,Ncasado,3,46,superior,7,Nao,Masc,1,Nao,Sim,Nao,Nao,0,32.1,0,0,32.1,Sim,1
340,Eletron,67,60,Casado,32,93,Inc_medio,21,Nao,Masc,4,Nao,Sim,Sim,Nao,0,32,42.75,0,74.75,Nao,0
341,Eletron,32,65,Ncasado,6,9,medio,30,Sim,Fem,1,Nao,Nao,Nao,Nao,0,0,0,0,0,Nao,0
342,Eletron,17,38,Casado,19,18,superior,0,Nao,Fem,4,Nao,Nao,Nao,Nao,0,0,0,0,0,Nao,0
343,Eletron,57,57,Casado,19,130,Inc_sup,27,Nao,Fem,2,Nao,Sim,Sim,Nao,0,30.65,12.75,0,43.4,Nao,0
344,Eletron,20,33,Ncasado,13,44,Inc_sup,8,Nao,Fem,1,Nao,Sim,Nao,Nao,0,29.05,0,0,29.05,Nao,0
345,Eletron,38,33,Ncasado,3,38,superior,0,Nao,Masc,1,Nao,Sim,Sim,Nao,0,27.2,12.25,0,39.45,Nao,0
346,Eletron,61,45,Ncasado,21,80,medio,13,Nao,Fem,1,Nao,Nao,Sim,Nao,0,0,35.25,0,35.25,Nao,0
347,Eletron,35,38,Ncasado,7,90,medio,18,Nao,Masc,4,Sim,Nao,Sim,Nao,17.75,0,14,0,31.75,Nao,0
348,Eletron,60,37,Casado,12,64,posgrad,1,Nao,Fem,2,Nao,Nao,Sim,Nao,0,0,17.5,0,17.5,Nao,0
349,Eletron,10,31,Ncasado,0,32,superior,7,Nao,Fem,2,Nao,Sim,Nao,Nao,0,28.35,0,0,28.35,Sim,1
350,Eletron,23,20,Ncasado,1,15,Inc_sup,0,Nao,Fem,1,Nao,Nao,Nao,Nao,0,0,0,0,0,Nao,0
351,Eletron,53,31,Ncasado,10,46,Inc_sup,6,Nao,Masc,2,Sim,Sim,Sim,Nao,18.5,42.5,37.5,0,98.5,Nao,0
352,Eletron,64,31,Casado,5,46,medio,7,Nao,Fem,4,Nao,Sim,Sim,Sim,0,34.8,17.75,33.2,85.75,Nao,0
353,Eletron,52,46,Ncasado,17,51,medio,13,Nao,Fem,3,Nao,Nao,Sim,Nao,0,0,15,0,15,Nao,0
354,Eletron,37,43,Ncasado,8,38,Inc_sup,9,Nao,Masc,1,Nao,Nao,Nao,Nao,0,0,0,0,0,Nao,0
355,Eletron,43,27,Casado,3,21,medio,1,Nao,Fem,3,Nao,Nao,Sim,Nao,0,0,16.5,0,16.5,Nao,0
356,Eletron,46,45,Ncasado,12,96,Inc_sup,17,Nao,Masc,1,Nao,Sim,Sim,Nao,0,24.5,9.75,0,34.25,Nao,0
357,Eletron,39,59,Ncasado,20,1668,superior,27,Nao,Fem,1,Sim,Nao,Nao,Nao,15,0,0,0,15,Nao,0
358,Eletron,10,34,Ncasado,1,52,posgrad,3,Nao,Fem,1,Nao,Sim,Nao,Sim,0,32.55,0,25.4,57.95,Sim,1
359,Eletron,72,69,Ncasado,45,17,Inc_sup,36,Sim,Fem,1,Nao,Nao,Sim,Nao,0,0,28.25,0,28.25,Nao,0
360,Eletron,58,28,Ncasado,5,34,posgrad,1,Nao,Fem,1,Nao,Sim,Sim,Nao,0,41.7,23.75,0,65.45,Nao,0
361,Eletron,8,45,Ncasado,1,37,superior,0,Nao,Masc,1,Nao,Sim,Nao,Nao,0,32.05,0,0,32.05,Sim,1
362,Eletron,42,58,Ncasado,7,22,Inc_medio,4,Nao,Fem,1,Nao,Nao,Nao,Nao,0,0,0,0,0,Nao,0
363,Eletron,49,37,Casado,17,50,medio,12,Nao,Fem,2,Nao,Nao,Sim,Nao,0,0,16.5,0,16.5,Nao,0
364,Eletron,56,46,Casado,21,33,superior,7,Nao,Masc,2,Nao,Sim,Sim,Nao,0,32.9,8.5,0,41.4,Nao,0
365,Eletron,69,46,Casado,18,66,medio,19,Nao,Masc,4,Nao,Nao,Sim,Nao,0,0,46.5,0,46.5,Nao,0
366,Eletron,66,42,Casado,18,118,medio,20,Nao,Masc,2,Nao,Nao,Sim,Nao,0,0,21.75,0,21.75,Nao,0
367,Eletron,41,44,Casado,1,59,Inc_sup,21,Nao,Fem,3,Nao,Sim,Sim,Nao,0,44.9,24.5,0,69.4,Nao,0
368,Eletron,60,32,Ncasado,12,34,superior,4,Nao,Fem,2,Nao,Nao,Sim,Nao,0,0,10,0,10,Nao,0
369,Eletron,50,41,Ncasado,16,138,medio,18,Nao,Fem,1,Sim,Sim,Sim,Nao,19.75,27.85,14.5,0,62.1,Sim,1
370,Eletron,5,44,Ncasado,5,83,Inc_medio,16,Nao,Fem,1,Nao,Sim,Nao,Nao,0,25.25,0,0,25.25,Sim,1
371,Eletron,30,23,Casado,4,19,Inc_sup,1,Nao,Masc,4,Nao,Sim,Sim,Nao,0,35.2,27.5,0,62.7,Nao,0
372,Eletron,65,59,Casado,27,197,superior,26,Nao,Masc,2,Nao,Sim,Sim,Nao,0,25.75,46.75,0,72.5,Nao,0
373,Eletron,37,51,Casado,26,24,superior,4,Nao,Masc,2,Nao,Nao,Sim,Nao,0,0,13.75,0,13.75,Nao,0
374,Eletron,3,55,Casado,9,26,posgrad,0,Nao,Fem,2,Nao,Sim,Nao,Nao,0,31.2,0,0,31.2,Sim,1
375,Eletron,19,37,Casado,4,99,medio,15,Nao,Fem,3,Nao,Nao,Nao,Nao,0,0,0,0,0,Sim,1
376,Eletron,1,36,Ncasado,6,21,Inc_medio,1,Nao,Masc,2,Nao,Sim,Nao,Nao,0,22.6,0,0,22.6,Sim,1
377,Eletron,10,45,Casado,8,115,Inc_sup,17,Nao,Fem,4,Nao,Sim,Nao,Nao,0,28.05,0,0,28.05,Sim,1
378,Eletron,72,55,Casado,28,40,Inc_medio,11,Nao,Masc,5,Nao,Nao,Sim,Nao,0,0,35.75,0,35.75,Nao,0
379,Eletron,18,31,Casado,12,24,Inc_sup,4,Nao,Masc,4,Nao,Nao,Nao,Nao,0,0,0,0,0,Nao,0
380,Eletron,15,39,Ncasado,19,32,medio,2,Nao,Masc,1,Nao,Sim,Nao,Nao,0,31.85,0,0,31.85,Sim,1
381,Eletron,32,35,Ncasado,12,57,superior,5,Nao,Masc,1,Sim,Sim,Nao,Nao,11,30.05,0,0,41.05,Nao,0
382,Eletron,22,39,Ncasado,0,63,superior,9,Nao,Masc,1,Nao,Sim,Nao,Nao,0,21.35,0,0,21.35,Sim,1
383,Eletron,49,54,Ncasado,24,30,medio,5,Nao,Masc,1,Nao,Nao,Sim,Nao,0,0,14.25,0,14.25,Nao,0
384,Eletron,39,47,Ncasado,1,68,superior,10,Nao,Fem,2,Nao,Nao,Nao,Nao,0,0,0,0,0,Sim,1
385,Eletron,42,33,Ncasado,2,67,medio,5,Nao,Masc,2,Nao,Nao,Sim,Nao,0,0,25.25,0,25.25,Nao,0
386,Eletron,67,50,Casado,31,83,medio,12,Nao,Masc,2,Nao,Sim,Sim,Nao,0,22.65,19,0,41.65,Nao,0
387,Eletron,38,40,Ncasado,15,34,medio,11,Nao,Fem,1,Nao,Sim,Sim,Nao,0,19.8,7,0,26.8,Nao,0
388,Eletron,48,41,Ncasado,21,43,medio,7,Nao,Masc,1,Nao,Nao,Sim,Nao,0,0,11.75,0,11.75,Nao,0
389,Eletron,29,29,Ncasado,9,41,medio,9,Nao,Masc,2,Sim,Sim,Nao,Nao,23,37.45,0,0,60.45,Nao,0
390,Eletron,55,52,Ncasado,22,127,Inc_medio,28,Nao,Fem,3,Nao,Nao,Sim,Nao,0,0,20.25,0,20.25,Nao,0
391,Eletron,33,34,Casado,2,28,Inc_medio,3,Nao,Fem,3,Nao,Nao,Nao,Nao,0,0,0,0,0,Nao,0
392,Eletron,49,27,Casado,3,29,Inc_sup,6,Nao,Fem,3,Nao,Sim,Nao,Nao,0,44,0,0,44,Sim,1
393,Eletron,31,44,Ncasado,23,80,posgrad,15,Nao,Masc,1,Sim,Sim,Nao,Nao,9.25,30.35,0,0,39.6,Sim,1
394,Eletron,62,76,Ncasado,20,35,Inc_sup,18,Sim,Fem,1,Nao,Nao,Sim,Nao,0,0,17.75,0,17.75,Nao,0
395,Eletron,65,48,Ncasado,28,94,Inc_medio,25,Nao,Masc,1,Nao,Nao,Sim,Nao,0,0,22.5,0,22.5,Nao,0
396,Eletron,8,27,Casado,0,21,Inc_sup,3,Nao,Fem,2,Nao,Sim,Nao,Nao,0,36.45,0,0,36.45,Nao,0
397,Eletron,36,32,Casado,3,63,superior,7,Nao,Masc,4,Nao,Sim,Sim,Nao,0,29.55,12.75,0,42.3,Nao,0
398,Eletron,20,32,Ncasado,10,19,Inc_sup,5,Nao,Masc,1,Nao,Sim,Nao,Nao,0,36.05,0,0,36.05,Nao,0
399,Eletron,37,40,Casado,14,26,medio,0,Nao,Masc,5,Nao,Nao,Sim,Nao,0,0,12,0,12,Nao,0
400,Eletron,17,42,Ncasado,8,58,Inc_medio,23,Nao,Masc,1,Nao,Sim,Nao,Nao,0,28.65,0,0,28.65,Sim,1
401,Eletron,32,34,Casado,0,38,Inc_medio,10,Nao,Masc,4,Nao,Nao,Sim,Nao,0,0,19.25,0,19.25,Nao,0
402,Eletron,53,51,Ncasado,31,245,superior,0,Nao,Masc,1,Sim,Nao,Sim,Nao,28.25,0,11,0,39.25,Nao,0
403,Eletron,68,39,Ncasado,20,73,medio,16,Nao,Fem,1,Sim,Nao,Sim,Nao,15.75,0,20,0,35.75,Nao,0
404,Eletron,59,30,Ncasado,2,34,superior,2,Nao,Fem,1,Nao,Sim,Sim,Nao,0,32.25,11.75,0,44,Nao,0
405,Eletron,16,22,Ncasado,0,26,Inc_sup,0,Nao,Fem,3,Nao,Sim,Nao,Nao,0,29.35,0,0,29.35,Sim,1
406,Eletron,35,57,Casado,32,47,superior,12,Nao,Masc,2,Nao,Sim,Sim,Nao,0,33.7,18.75,0,52.45,Nao,0
407,Eletron,62,37,Casado,10,43,superior,1,Nao,Fem,3,Nao,Sim,Sim,Nao,0,37.2,18.75,0,55.95,Nao,0
408,Eletron,38,44,Ncasado,1,50,superior,7,Nao,Fem,1,Nao,Sim,Sim,Nao,0,24.6,10,0,34.6,Sim,1
409,Eletron,24,35,Casado,10,41,posgrad,6,Nao,Fem,2,Nao,Sim,Nao,Nao,0,30.3,0,0,30.3,Nao,0
410,Eletron,59,55,Casado,29,42,Inc_sup,21,Nao,Fem,2,Nao,Nao,Sim,Nao,0,0,15.25,0,15.25,Nao,0
411,Eletron,9,28,Casado,8,28,Inc_sup,4,Nao,Masc,3,Nao,Sim,Nao,Nao,0,28.5,0,0,28.5,Sim,1
412,Eletron,12,19,Casado,0,15,medio,0,Nao,Fem,4,Nao,Sim,Nao,Nao,0,22.15,0,0,22.15,Nao,0
413,Eletron,72,75,Ncasado,48,14,medio,6,Sim,Fem,1,Nao,Nao,Sim,Nao,0,0,109.25,0,109.25,Nao,0
414,Eletron,58,61,Ncasado,42,101,superior,18,Nao,Fem,1,Nao,Nao,Sim,Nao,0,0,17,0,17,Nao,0
415,Eletron,49,25,Ncasado,1,27,posgrad,0,Nao,Fem,1,Nao,Sim,Sim,Sim,0,43.15,5.5,26.9,75.55,Nao,0
416,Eletron,12,36,Casado,4,205,superior,10,Nao,Fem,4,Nao,Sim,Nao,Sim,0,38.3,0,32,70.3,Sim,1
417,Eletron,65,59,Ncasado,27,732,Inc_sup,31,Nao,Fem,1,Nao,Nao,Sim,Nao,0,0,13.25,0,13.25,Nao,0
418,Eletron,60,58,Ncasado,0,63,superior,21,Nao,Fem,3,Sim,Sim,Sim,Nao,28,23.85,13.25,0,65.1,Nao,0
419,Eletron,61,43,Casado,22,35,medio,11,Nao,Masc,3,Sim,Nao,Sim,Nao,15.5,0,17.25,0,32.75,Nao,0
420,Eletron,61,29,Casado,5,48,medio,11,Nao,Masc,4,Nao,Nao,Sim,Nao,0,0,37,0,37,Nao,0
421,Eletron,41,42,Casado,12,26,superior,5,Nao,Masc,4,Nao,Nao,Nao,Nao,0,0,0,0,0,Nao,0
422,Eletron,72,75,Ncasado,37,33,Inc_medio,44,Sim,Fem,1,Sim,Nao,Sim,Nao,31.75,0,26,0,57.75,Nao,0
423,Eletron,34,33,Ncasado,8,35,Inc_sup,2,Nao,Fem,1,Nao,Nao,Nao,Nao,0,0,0,0,0,Sim,1
424,Eletron,26,43,Ncasado,23,51,posgrad,4,Nao,Fem,1,Nao,Sim,Nao,Nao,0,21.95,0,0,21.95,Sim,1
425,Eletron,36,45,Ncasado,22,117,Inc_sup,15,Nao,Fem,1,Nao,Nao,Nao,Nao,0,0,0,0,0,Nao,0
426,Eletron,56,30,Casado,9,57,posgrad,2,Nao,Masc,4,Nao,Sim,Sim,Nao,0,36.7,6.5,0,43.2,Nao,0
427,Eletron,6,50,Ncasado,5,37,medio,0,Nao,Masc,1,Nao,Sim,Nao,Nao,0,23.55,0,0,23.55,Nao,0
428,Eletron,48,34,Ncasado,7,42,Inc_sup,2,Nao,Fem,1,Nao,Nao,Sim,Nao,0,0,8,0,8,Nao,0
429,Eletron,45,34,Casado,14,43,superior,0,Nao,Masc,4,Nao,Sim,Nao,Nao,0,32.35,0,0,32.35,Sim,1
430,Eletron,66,39,Ncasado,1,66,medio,15,Nao,Fem,1,Nao,Nao,Sim,Nao,0,0,11.5,0,11.5,Nao,0
431,Eletron,45,37,Ncasado,2,57,Inc_sup,14,Nao,Fem,1,Nao,Sim,Nao,Nao,0,25,0,0,25,Nao,0
432,Eletron,66,62,Ncasado,31,47,medio,4,Nao,Fem,1,Sim,Nao,Sim,Nao,21,0,20,0,41,Nao,0
433,Eletron,34,29,Ncasado,5,26,Inc_sup,4,Nao,Fem,2,Nao,Sim,Nao,Nao,0,25.8,0,0,25.8,Nao,0
434,Eletron,63,37,Casado,1,45,superior,9,Nao,Fem,6,Nao,Sim,Sim,Nao,0,39.25,13.5,0,52.75,Nao,0
435,Eletron,45,27,Casado,3,39,Inc_sup,2,Nao,Masc,4,Nao,Nao,Nao,Nao,0,0,0,0,0,Nao,0
436,Eletron,68,42,Ncasado,16,89,superior,12,Nao,Masc,1,Nao,Sim,Sim,Nao,0,33,16,0,49,Nao,0
437,Eletron,53,38,Casado,15,20,Inc_sup,6,Nao,Fem,4,Nao,Nao,Sim,Sim,0,0,10.75,20.25,31,Nao,0
438,Eletron,70,35,Casado,4,48,medio,9,Nao,Masc,3,Nao,Nao,Sim,Nao,0,0,30,0,30,Nao,0
439,Eletron,24,25,Casado,3,28,superior,0,Nao,Masc,3,Nao,Sim,Sim,Sim,0,40.4,25.25,23.4,89.05,Nao,0
440,Eletron,54,59,Ncasado,28,28,medio,15,Nao,Masc,1,Nao,Sim,Sim,Sim,0,31.65,5.25,19.05,55.95,Nao,0
441,Eletron,62,35,Casado,2,28,medio,8,Nao,Fem,2,Nao,Nao,Sim,Nao,0,0,19,0,19,Nao,0
442,Eletron,40,42,Casado,16,108,Inc_sup,17,Nao,Masc,4,Nao,Sim,Nao,Nao,0,29.7,0,0,29.7,Sim,1
443,Eletron,20,34,Ncasado,14,51,Inc_sup,9,Nao,Fem,1,Nao,Nao,Nao,Nao,0,0,0,0,0,Sim,1
444,Eletron,70,50,Casado,29,67,Inc_medio,22,Nao,Masc,4,Nao,Nao,Sim,Nao,0,0,15.75,0,15.75,Nao,0
445,Eletron,59,32,Ncasado,9,73,superior,5,Nao,Masc,1,Sim,Nao,Sim,Nao,21.5,0,12.75,0,34.25,Sim,1
446,Eletron,44,37,Casado,1,41,superior,8,Nao,Fem,6,Nao,Nao,Nao,Nao,0,0,0,0,0,Nao,0
447,Eletron,19,31,Casado,0,22,superior,2,Nao,Masc,3,Nao,Nao,Nao,Nao,0,0,0,0,0,Sim,1
448,Eletron,41,53,Casado,22,94,medio,25,Nao,Masc,2,Nao,Nao,Sim,Nao,0,0,11.75,0,11.75,Nao,0
449,Eletron,72,49,Casado,23,102,Inc_medio,27,Nao,Fem,6,Nao,Nao,Sim,Nao,0,0,33.25,0,33.25,Nao,0
450,Eletron,56,54,Ncasado,25,147,Inc_sup,31,Nao,Fem,1,Sim,Sim,Sim,Sim,24.5,39.05,24.25,34.2,122,Nao,0
451,Eletron,39,39,Ncasado,19,29,superior,6,Nao,Masc,1,Nao,Nao,Sim,Nao,0,0,21.25,0,21.25,Nao,0
452,Eletron,23,25,Casado,2,28,Inc_sup,1,Nao,Fem,5,Nao,Nao,Nao,Nao,0,0,0,0,0,Nao,0
453,Eletron,17,19,Ncasado,0,18,medio,0,Nao,Fem,2,Nao,Sim,Nao,Nao,0,24.95,0,0,24.95,Sim,1
454,Eletron,68,57,Casado,38,33,Inc_medio,9,Nao,Fem,2,Nao,Nao,Sim,Nao,0,0,19,0,19,Nao,0
455,Eletron,72,59,Casado,12,65,Inc_sup,21,Nao,Fem,6,Nao,Sim,Sim,Nao,0,36.45,40.75,0,77.2,Nao,0
456,Eletron,20,41,Casado,19,58,medio,6,Nao,Fem,2,Nao,Nao,Nao,Nao,0,0,0,0,0,Nao,0
457,Eletron,64,37,Ncasado,10,44,superior,9,Nao,Fem,1,Nao,Sim,Sim,Nao,0,35.05,22,0,57.05,Nao,0
458,Eletron,67,45,Casado,22,83,Inc_sup,11,Nao,Fem,2,Nao,Nao,Sim,Nao,0,0,10.75,0,10.75,Nao,0
459,Eletron,22,35,Ncasado,12,28,medio,3,Nao,Masc,2,Nao,Nao,Nao,Nao,0,0,0,0,0,Sim,1
460,Eletron,20,40,Ncasado,2,209,superior,15,Nao,Fem,1,Nao,Nao,Sim,Nao,0,0,4.75,0,4.75,Nao,0
461,Eletron,72,61,Casado,34,61,Inc_medio,8,Nao,Masc,3,Nao,Nao,Sim,Nao,0,0,13.25,0,13.25,Nao,0
462,Eletron,70,36,Ncasado,8,50,Inc_medio,15,Nao,Fem,1,Nao,Nao,Sim,Nao,0,0,20.75,0,20.75,Nao,0
463,Eletron,54,32,Casado,12,27,Inc_medio,9,Nao,Masc,2,Nao,Nao,Sim,Nao,0,0,24.25,0,24.25,Nao,0
464,Eletron,38,30,Casado,6,22,medio,3,Nao,Fem,2,Nao,Nao,Sim,Nao,0,0,12.25,0,12.25,Nao,0
465,Eletron,23,31,Ncasado,10,45,superior,0,Nao,Masc,2,Sim,Nao,Nao,Nao,11.75,0,0,0,11.75,Nao,0
466,Eletron,30,52,Ncasado,23,17,Inc_sup,3,Nao,Fem,1,Nao,Sim,Sim,Nao,0,37.6,15.25,0,52.85,Sim,1
467,Eletron,59,26,Casado,3,41,superior,1,Nao,Fem,3,Nao,Sim,Sim,Sim,0,35.1,46.75,29.15,111,Sim,1
468,Eletron,67,67,Casado,38,49,medio,10,Nao,Fem,2,Nao,Sim,Sim,Nao,0,29.25,25.25,0,54.5,Nao,0
469,Eletron,12,55,Casado,13,36,Inc_medio,5,Nao,Fem,2,Nao,Sim,Nao,Nao,0,26.55,0,0,26.55,Sim,1
470,Eletron,26,47,Ncasado,13,54,Inc_sup,0,Nao,Masc,1,Sim,Sim,Sim,Sim,16,38.5,18,23.5,96,Nao,0
471,Eletron,49,35,Casado,15,113,superior,4,Nao,Masc,5,Nao,Nao,Nao,Nao,0,0,0,0,0,Nao,0
472,Eletron,37,33,Ncasado,4,41,Inc_sup,8,Nao,Fem,3,Nao,Sim,Nao,Nao,0,30.45,0,0,30.45,Sim,1
473,Eletron,56,53,Casado,23,100,posgrad,14,Nao,Fem,2,Nao,Sim,Sim,Nao,0,34.2,9.5,0,43.7,Nao,0
474,Eletron,72,55,Casado,24,82,Inc_sup,25,Nao,Fem,2,Nao,Sim,Sim,Nao,0,35.65,65.25,0,100.9,Nao,0
475,Eletron,53,37,Casado,18,25,Inc_sup,6,Nao,Fem,2,Nao,Sim,Sim,Nao,0,28.65,23.5,0,52.15,Sim,1
476,Eletron,66,50,Casado,2,333,posgrad,24,Nao,Masc,2,Nao,Nao,Sim,Nao,0,0,14.25,0,14.25,Nao,0
477,Eletron,38,49,Casado,3,33,superior,11,Nao,Masc,4,Nao,Sim,Nao,Sim,0,42.1,0,25.15,67.25,Nao,0
478,Eletron,49,51,Casado,14,222,posgrad,16,Nao,Masc,2,Nao,Nao,Nao,Nao,0,0,0,0,0,Nao,0
479,Eletron,57,51,Ncasado,10,46,Inc_medio,13,Nao,Masc,1,Nao,Nao,Sim,Nao,0,0,7.5,0,7.5,Nao,0
480,Eletron,24,27,Ncasado,2,17,Inc_sup,3,Nao,Masc,5,Sim,Nao,Nao,Nao,18.5,0,0,0,18.5,Sim,1
481,Eletron,72,40,Casado,19,163,superior,15,Nao,Masc,2,Sim,Nao,Sim,Nao,31.25,0,14.75,0,46,Nao,0
482,Eletron,61,50,Casado,16,190,medio,22,Nao,Fem,2,Nao,Sim,Sim,Sim,0,42.55,26.5,44.1,113.15,Nao,0
483,Eletron,50,36,Casado,7,39,Inc_sup,3,Nao,Fem,3,Nao,Sim,Sim,Nao,0,33.6,16.25,0,49.85,Sim,1
484,Plus,68,52,Casado,24,116,Inc_medio,29,Nao,Fem,2,Sim,Nao,Sim,Nao,18,0,30.25,0,48.25,Nao,0
485,Plus,23,30,Casado,9,30,Inc_medio,2,Nao,Masc,4,Nao,Nao,Nao,Nao,0,0,0,0,0,Nao,0
486,Plus,41,39,Ncasado,17,78,medio,16,Nao,Fem,1,Sim,Nao,Sim,Nao,19.25,0,13.5,0,32.75,Nao,0
487,Plus,45,59,Casado,7,166,superior,31,Nao,Masc,5,Sim,Nao,Sim,Nao,28.5,0,12,0,40.5,Nao,0
488,Plus,7,35,Ncasado,14,80,medio,15,Nao,Fem,1,Sim,Nao,Sim,Nao,22,0,23.75,0,45.75,Nao,0
489,Plus,60,57,Ncasado,38,162,medio,30,Nao,Masc,1,Sim,Sim,Sim,Nao,29.75,31.3,30,0,91.05,Nao,0
490,Plus,34,48,Ncasado,3,49,medio,6,Nao,Fem,3,Sim,Nao,Nao,Nao,18.5,0,0,0,18.5,Nao,0
491,Plus,14,43,Casado,18,36,Inc_medio,5,Nao,Masc,5,Sim,Nao,Sim,Nao,19.75,0,18,0,37.75,Nao,0
492,Plus,1,21,Ncasado,0,33,medio,0,Nao,Fem,3,Sim,Nao,Sim,Nao,20.75,0,40.5,0,61.25,Nao,0
493,Plus,25,33,Casado,11,31,Inc_medio,5,Nao,Masc,4,Nao,Nao,Nao,Nao,0,0,0,0,0,Nao,0
494,Plus,35,50,Casado,26,140,medio,21,Nao,Fem,4,Sim,Nao,Sim,Nao,27.5,0,35,0,62.5,Nao,0
495,Plus,44,57,Casado,1,186,medio,17,Nao,Masc,2,Sim,Nao,Sim,Sim,33.5,0,36,41.65,111.15,Nao,0
496,Plus,11,41,Casado,0,39,Inc_medio,1,Nao,Fem,2,Sim,Nao,Sim,Nao,29.25,0,19.75,0,49,Sim,1
497,Plus,72,57,Ncasado,34,22,medio,35,Sim,Fem,1,Sim,Nao,Sim,Nao,49,0,18.75,0,67.75,Nao,0
498,Plus,10,41,Ncasado,7,30,Inc_medio,7,Nao,Masc,1,Sim,Nao,Sim,Nao,19.25,0,53.75,0,73,Nao,0
499,Plus,15,28,Ncasado,0,29,medio,4,Nao,Fem,1,Sim,Nao,Sim,Nao,30,0,17.75,0,47.75,Nao,0
500,Plus,64,43,Casado,20,76,superior,20,Nao,Fem,4,Sim,Nao,Sim,Nao,18.75,0,11,0,29.75,Nao,0
501,Plus,5,36,Ncasado,14,29,medio,9,Nao,Fem,1,Sim,Nao,Sim,Sim,31.5,0,15.5,26.75,73.75,Sim,1
502,Plus,41,52,Ncasado,27,30,medio,2,Nao,Fem,1,Sim,Nao,Sim,Sim,28,0,19,27.5,74.5,Nao,0
503,Plus,55,39,Casado,15,137,medio,20,Nao,Fem,2,Sim,Nao,Sim,Nao,27.5,0,11.5,0,39,Sim,1
504,Plus,28,51,Casado,22,40,Inc_sup,10,Nao,Fem,6,Sim,Nao,Nao,Nao,21.25,0,0,0,21.25,Nao,0
505,Plus,72,67,Casado,44,51,Inc_medio,34,Sim,Masc,2,Sim,Nao,Sim,Nao,51.5,0,19.25,0,70.75,Nao,0
506,Plus,64,48,Casado,13,91,medio,24,Nao,Masc,2,Sim,Nao,Sim,Sim,24.75,0,12.5,29.65,66.9,Nao,0
507,Plus,40,38,Casado,10,85,Inc_sup,12,Nao,Masc,2,Nao,Nao,Nao,Nao,0,0,0,0,0,Sim,1
508,Plus,67,68,Ncasado,28,244,Inc_medio,47,Nao,Fem,1,Sim,Nao,Sim,Nao,30.25,0,30.75,0,61,Nao,0
509,Plus,31,53,Ncasado,2,351,Inc_sup,31,Nao,Fem,1,Sim,Nao,Sim,Nao,31.5,0,19.25,0,50.75,Nao,0
510,Plus,42,47,Casado,17,212,superior,17,Nao,Masc,2,Sim,Nao,Sim,Nao,26.75,0,24.75,0,51.5,Nao,0
511,Plus,55,53,Casado,21,34,Inc_medio,8,Nao,Masc,2,Nao,Nao,Nao,Nao,0,0,0,0,0,Nao,0
512,Plus,47,25,Casado,5,21,Inc_medio,1,Nao,Fem,2,Sim,Nao,Sim,Nao,30.5,0,9,0,39.5,Sim,1
513,Plus,64,25,Casado,4,76,Inc_sup,2,Nao,Fem,6,Nao,Sim,Sim,Nao,0,35.4,21.25,0,56.65,Nao,0
514,Plus,12,24,Ncasado,2,19,Inc_medio,0,Nao,Masc,1,Sim,Nao,Sim,Nao,24.75,0,27.25,0,52,Sim,1
515,Plus,59,42,Ncasado,1,68,medio,21,Nao,Fem,1,Sim,Nao,Sim,Nao,21.25,0,19.25,0,40.5,Nao,0
516,Plus,31,31,Ncasado,4,48,Inc_medio,15,Nao,Masc,1,Nao,Nao,Nao,Nao,0,0,0,0,0,Nao,0
517,Plus,40,29,Casado,6,40,medio,8,Nao,Fem,5,Nao,Nao,Nao,Nao,0,0,0,0,0,Nao,0
518,Plus,48,55,Ncasado,15,79,Inc_medio,25,Nao,Masc,1,Nao,Nao,Sim,Nao,0,0,25.5,0,25.5,Nao,0
519,Plus,62,52,Casado,2,195,Inc_medio,23,Nao,Masc,2,Sim,Nao,Sim,Sim,36.75,0,36,34.3,107.05,Sim,1
520,Plus,57,39,Ncasado,6,106,posgrad,8,Nao,Masc,1,Sim,Sim,Sim,Sim,24.25,41.85,12.25,39.6,117.95,Nao,0
521,Plus,6,43,Ncasado,4,33,posgrad,7,Nao,Masc,2,Nao,Nao,Sim,Sim,0,0,16.25,26.75,43,Nao,0
522,Plus,23,25,Casado,6,38,medio,1,Nao,Fem,3,Sim,Sim,Sim,Nao,23.25,28.5,3.75,0,55.5,Nao,0
523,Plus,42,44,Casado,2,99,medio,21,Nao,Masc,3,Sim,Nao,Sim,Nao,34.75,0,9.75,0,44.5,Nao,0
524,Plus,2,36,Ncasado,3,25,Inc_medio,6,Nao,Fem,1,Sim,Sim,Sim,Sim,15.75,28.7,5,24.15,73.6,Nao,0
525,Plus,57,37,Ncasado,11,108,superior,9,Nao,Fem,1,Sim,Sim,Sim,Nao,27.25,42,8,0,77.25,Nao,0
526,Plus,3,24,Casado,2,20,medio,3,Nao,Fem,5,Sim,Nao,Sim,Nao,22.5,0,9.25,0,31.75,Nao,0
527,Plus,21,44,Ncasado,25,47,Inc_medio,12,Nao,Fem,2,Nao,Nao,Sim,Nao,0,0,14.5,0,14.5,Nao,0
528,Plus,50,37,Casado,11,48,Inc_sup,8,Nao,Fem,2,Sim,Nao,Sim,Nao,27.75,0,8.75,0,36.5,Nao,0
529,Plus,65,64,Casado,22,13,medio,5,Sim,Fem,3,Sim,Nao,Sim,Nao,33,0,15.75,0,48.75,Nao,0
530,Plus,29,26,Ncasado,7,34,Inc_medio,7,Nao,Fem,2,Nao,Nao,Sim,Nao,0,0,16,0,16,Nao,0
531,Plus,64,55,Ncasado,28,104,Inc_medio,26,Nao,Fem,1,Nao,Nao,Sim,Nao,0,0,39.25,0,39.25,Nao,0
532,Plus,63,28,Casado,9,34,medio,10,Nao,Fem,6,Sim,Nao,Sim,Sim,40,0,17.5,45.1,102.6,Nao,0
533,Plus,33,54,Casado,18,57,superior,4,Nao,Fem,3,Sim,Sim,Nao,Nao,30.25,33.9,0,0,64.15,Sim,1
534,Plus,71,39,Ncasado,2,40,Inc_sup,17,Nao,Masc,1,Sim,Nao,Sim,Nao,27.75,0,38.5,0,66.25,Nao,0
535,Plus,65,65,Casado,27,128,Inc_sup,24,Nao,Masc,2,Sim,Nao,Sim,Nao,24,0,14.5,0,38.5,Nao,0
536,Plus,72,69,Casado,49,44,medio,44,Sim,Fem,2,Nao,Nao,Sim,Nao,0,0,12.5,0,12.5,Nao,0
537,Plus,72,64,Ncasado,41,674,superior,37,Nao,Fem,1,Sim,Nao,Sim,Sim,32.75,0,48.75,60.15,141.65,Nao,0
538,Plus,52,23,Casado,4,33,superior,0,Nao,Fem,2,Sim,Nao,Sim,Nao,18.25,0,18.75,0,37,Nao,0
539,Plus,23,33,Casado,7,28,Inc_medio,4,Nao,Masc,2,Nao,Nao,Sim,Nao,0,0,14,0,14,Nao,0
540,Plus,8,30,Ncasado,1,34,medio,9,Nao,Fem,1,Nao,Nao,Sim,Nao,0,0,13.25,0,13.25,Nao,0
541,Plus,37,53,Casado,13,48,Inc_medio,10,Nao,Masc,3,Sim,Nao,Sim,Nao,23.5,0,10.25,0,33.75,Nao,0
542,Plus,6,33,Ncasado,12,26,Inc_sup,0,Nao,Masc,1,Sim,Nao,Sim,Sim,18.75,0,24.25,22.8,65.8,Sim,1
543,Plus,69,51,Ncasado,18,96,Inc_medio,33,Nao,Masc,4,Sim,Nao,Sim,Nao,87,0,33.5,0,120.5,Nao,0
544,Plus,22,33,Ncasado,9,54,Inc_medio,10,Nao,Masc,1,Sim,Nao,Sim,Nao,22.25,0,18.75,0,41,Nao,0
545,Plus,28,40,Casado,1,47,medio,9,Nao,Fem,3,Sim,Nao,Sim,Nao,29.5,0,28.5,0,58,Nao,0
546,Plus,61,76,Ncasado,39,15,Inc_medio,29,Sim,Masc,1,Sim,Nao,Sim,Nao,52.75,0,24,0,76.75,Nao,0
547,Plus,64,45,Ncasado,4,38,medio,7,Nao,Fem,1,Sim,Nao,Sim,Nao,22.75,0,10.25,0,33,Sim,1
548,Plus,37,53,Casado,16,35,Inc_medio,16,Nao,Fem,4,Nao,Nao,Nao,Nao,0,0,0,0,0,Nao,0
549,Plus,61,40,Ncasado,15,85,Inc_sup,15,Nao,Fem,1,Sim,Nao,Sim,Nao,29.25,0,22.75,0,52,Nao,0
550,Plus,8,63,Casado,1,31,Inc_medio,9,Nao,Masc,2,Sim,Nao,Sim,Nao,13.75,0,11.25,0,25,Nao,0
551,Plus,58,58,Casado,10,96,medio,17,Nao,Masc,4,Sim,Nao,Nao,Nao,23,0,0,0,23,Nao,0
552,Plus,16,24,Casado,5,24,Inc_sup,2,Nao,Masc,5,Nao,Nao,Sim,Nao,0,0,14.75,0,14.75,Nao,0
553,Plus,39,25,Ncasado,4,18,Inc_medio,0,Nao,Fem,1,Nao,Nao,Nao,Nao,0,0,0,0,0,Nao,0
554,Plus,31,62,Ncasado,5,56,medio,26,Nao,Fem,1,Sim,Nao,Sim,Nao,22.25,0,13.75,0,36,Nao,0
555,Plus,61,46,Ncasado,5,318,Inc_sup,18,Nao,Fem,1,Sim,Nao,Sim,Nao,39.25,0,84.75,0,124,Nao,0
556,Plus,48,42,Ncasado,21,35,superior,5,Nao,Masc,1,Nao,Nao,Nao,Nao,0,0,0,0,0,Nao,0
557,Plus,35,39,Casado,11,30,Inc_sup,2,Nao,Fem,3,Sim,Nao,Nao,Nao,27.75,0,0,0,27.75,Sim,1
558,Plus,23,35,Casado,0,23,medio,1,Nao,Masc,5,Nao,Nao,Nao,Nao,0,0,0,0,0,Nao,0
559,Plus,26,39,Casado,15,58,superior,9,Nao,Fem,2,Sim,Nao,Sim,Sim,21.25,0,6.5,19.65,47.4,Nao,0
560,Plus,35,66,Casado,44,14,Inc_sup,12,Sim,Fem,2,Sim,Nao,Nao,Nao,31,0,0,0,31,Nao,0
561,Plus,37,50,Ncasado,9,110,medio,21,Nao,Fem,1,Sim,Nao,Sim,Nao,28.5,0,11.25,0,39.75,Nao,0
562,Plus,72,63,Casado,29,15,posgrad,31,Sim,Masc,2,Nao,Nao,Sim,Nao,0,0,31.25,0,31.25,Nao,0
563,Plus,24,43,Ncasado,14,138,superior,11,Nao,Fem,1,Sim,Nao,Sim,Sim,20.25,0,8,24.65,52.9,Nao,0
564,Plus,28,40,Ncasado,7,64,Inc_medio,19,Nao,Masc,1,Sim,Nao,Nao,Nao,27.5,0,0,0,27.5,Nao,0
565,Plus,67,65,Casado,30,17,Inc_medio,29,Sim,Fem,2,Sim,Nao,Sim,Nao,26.25,0,12,0,38.25,Nao,0
566,Plus,17,41,Casado,7,25,medio,17,Nao,Masc,3,Nao,Sim,Nao,Nao,0,29,0,0,29,Nao,0
567,Plus,12,64,Ncasado,13,9,medio,6,Sim,Fem,1,Sim,Sim,Sim,Nao,30,32.8,8.5,0,71.3,Nao,0
568,Plus,13,45,Casado,3,99,Inc_sup,8,Nao,Fem,2,Nao,Nao,Sim,Nao,0,0,23.75,0,23.75,Sim,1
569,Plus,37,51,Casado,15,54,Inc_medio,15,Nao,Masc,3,Sim,Nao,Sim,Nao,16.5,0,8.25,0,24.75,Nao,0
570,Plus,72,54,Casado,6,345,Inc_medio,32,Nao,Masc,2,Nao,Nao,Sim,Nao,0,0,18.25,0,18.25,Nao,0
571,Plus,54,43,Ncasado,12,53,medio,12,Nao,Masc,1,Sim,Nao,Sim,Nao,32.25,0,16.75,0,49,Nao,0
572,Plus,37,54,Casado,35,183,medio,22,Nao,Masc,3,Sim,Nao,Sim,Nao,20.5,0,7.5,0,28,Nao,0
573,Plus,28,31,Casado,0,42,superior,5,Nao,Fem,3,Sim,Nao,Nao,Nao,23.75,0,0,0,23.75,Nao,0
574,Plus,56,44,Ncasado,24,87,medio,19,Nao,Masc,1,Sim,Nao,Sim,Nao,42.25,0,16.25,0,58.5,Nao,0
575,Plus,46,47,Ncasado,22,144,Inc_sup,22,Nao,Fem,2,Sim,Nao,Nao,Nao,28.25,0,0,0,28.25,Sim,1
576,Plus,72,63,Casado,40,222,medio,43,Sim,Fem,2,Sim,Nao,Sim,Nao,62.25,0,15.5,0,77.75,Nao,0
577,Plus,5,31,Ncasado,4,34,Inc_medio,9,Nao,Masc,1,Sim,Sim,Sim,Sim,17.25,31.1,12.75,19.85,80.95,Sim,1
578,Plus,70,55,Ncasado,12,65,Inc_sup,24,Nao,Masc,1,Sim,Nao,Sim,Nao,42.75,0,20.5,0,63.25,Nao,0
579,Plus,72,52,Casado,21,63,Inc_medio,24,Nao,Masc,3,Sim,Nao,Sim,Nao,25.75,0,33.25,0,59,Nao,0
580,Plus,32,50,Ncasado,28,57,superior,20,Nao,Masc,1,Sim,Nao,Sim,Sim,38.5,0,37.75,23.5,99.75,Nao,0
581,Plus,22,57,Casado,7,264,Inc_medio,35,Nao,Fem,2,Nao,Nao,Sim,Nao,0,0,6,0,6,Nao,0
582,Plus,6,24,Ncasado,2,28,Inc_medio,5,Nao,Masc,2,Sim,Nao,Sim,Nao,9,0,28.25,0,37.25,Sim,1
583,Plus,53,35,Ncasado,15,59,Inc_sup,5,Nao,Fem,1,Sim,Nao,Sim,Nao,23.25,0,18.5,0,41.75,Nao,0
584,Plus,69,59,Ncasado,37,104,medio,13,Nao,Masc,1,Sim,Nao,Sim,Nao,30.5,0,13.75,0,44.25,Nao,0
585,Plus,40,57,Casado,18,68,Inc_medio,23,Nao,Masc,2,Sim,Nao,Nao,Nao,25.75,0,0,0,25.75,Nao,0
586,Plus,69,33,Casado,9,52,superior,9,Nao,Fem,3,Nao,Nao,Sim,Nao,0,0,29,0,29,Nao,0
587,Plus,60,57,Casado,14,107,medio,33,Nao,Fem,2,Sim,Nao,Sim,Sim,30.75,0,21.25,46.7,98.7,Nao,0
588,Plus,15,38,Casado,5,56,Inc_sup,13,Nao,Masc,3,Sim,Nao,Sim,Nao,18,0,15,0,33,Nao,0
589,Plus,28,36,Ncasado,3,42,Inc_sup,7,Nao,Fem,1,Sim,Nao,Sim,Nao,28.25,0,14,0,42.25,Nao,0
590,Plus,32,43,Ncasado,13,146,Inc_medio,27,Nao,Fem,1,Sim,Nao,Sim,Sim,33.5,0,15.5,17.45,66.45,Nao,0
591,Plus,48,62,Ncasado,33,86,Inc_medio,22,Sim,Fem,1,Sim,Sim,Sim,Sim,33.5,38.95,18.75,30.6,121.8,Nao,0
592,Plus,52,42,Casado,17,27,Inc_sup,8,Nao,Fem,2,Sim,Nao,Sim,Nao,31,0,19.75,0,50.75,Nao,0
593,Plus,41,52,Ncasado,26,928,Inc_sup,29,Nao,Masc,3,Sim,Nao,Sim,Nao,25,0,13.5,0,38.5,Nao,0
594,Plus,67,60,Ncasado,24,24,Inc_medio,6,Nao,Fem,1,Nao,Nao,Sim,Nao,0,0,21.5,0,21.5,Nao,0
595,Plus,70,39,Casado,20,38,medio,8,Nao,Fem,4,Sim,Nao,Sim,Nao,26.5,0,51.25,0,77.75,Nao,0
596,Plus,68,60,Ncasado,40,262,medio,39,Nao,Fem,1,Nao,Nao,Sim,Nao,0,0,26,0,26,Nao,0
597,Plus,65,45,Casado,25,67,posgrad,13,Nao,Fem,2,Sim,Sim,Sim,Nao,20.75,27.65,36,0,84.4,Nao,0
598,Plus,17,35,Ncasado,4,77,Inc_sup,8,Nao,Fem,1,Sim,Nao,Nao,Nao,15,0,0,0,15,Nao,0
599,Plus,13,32,Ncasado,7,31,superior,5,Nao,Masc,2,Sim,Nao,Sim,Sim,35.5,0,10.5,23.3,69.3,Nao,0
600,Plus,48,35,Ncasado,11,50,Inc_medio,16,Nao,Masc,3,Sim,Nao,Sim,Nao,21.75,0,17,0,38.75,Nao,0
601,Plus,1,59,Ncasado,4,9,Inc_medio,4,Sim,Masc,1,Sim,Nao,Sim,Nao,26.5,0,20.5,0,47,Nao,0
602,Plus,42,36,Casado,14,44,medio,11,Nao,Masc,3,Sim,Nao,Nao,Sim,26.5,0,0,26.1,52.6,Nao,0
603,Plus,57,51,Casado,7,68,superior,18,Nao,Fem,3,Sim,Nao,Sim,Nao,18.75,0,8.25,0,27,Nao,0
604,Plus,29,35,Casado,10,55,medio,7,Nao,Masc,4,Sim,Nao,Sim,Nao,21.75,0,30.75,0,52.5,Sim,1
605,Plus,46,31,Casado,12,21,Inc_medio,5,Nao,Masc,5,Nao,Nao,Sim,Nao,0,0,9.25,0,9.25,Nao,0
606,Plus,69,63,Ncasado,28,168,Inc_medio,43,Nao,Fem,2,Sim,Nao,Sim,Nao,44.25,0,18.25,0,62.5,Nao,0
607,Plus,25,30,Ncasado,0,20,Inc_medio,4,Nao,Fem,1,Sim,Nao,Sim,Nao,21.75,0,15.5,0,37.25,Nao,0
608,Plus,21,39,Casado,7,25,medio,1,Nao,Masc,4,Sim,Nao,Sim,Sim,27,0,20,31.25,78.25,Nao,0
609,Plus,11,48,Casado,5,323,superior,25,Nao,Masc,4,Sim,Nao,Sim,Sim,30,0,21.75,25.75,77.5,Sim,1
610,Plus,5,30,Ncasado,4,25,Inc_sup,6,Nao,Masc,1,Sim,Sim,Nao,Nao,14.75,27.5,0,0,42.25,Sim,1
611,Plus,25,41,Ncasado,3,81,Inc_sup,20,Nao,Fem,4,Nao,Nao,Sim,Nao,0,0,11,0,11,Nao,0
612,Plus,33,45,Ncasado,24,35,Inc_medio,6,Nao,Masc,1,Sim,Nao,Sim,Nao,24,0,25.5,0,49.5,Sim,1
613,Plus,54,56,Ncasado,8,207,medio,35,Nao,Fem,1,Sim,Nao,Sim,Nao,25.25,0,9,0,34.25,Nao,0
614,Plus,18,29,Ncasado,4,40,medio,1,Nao,Masc,1,Nao,Sim,Nao,Nao,0,27.35,0,0,27.35,Nao,0
615,Plus,53,64,Casado,17,380,medio,36,Nao,Fem,2,Sim,Nao,Sim,Nao,40.25,0,15,0,55.25,Nao,0
616,Plus,6,24,Ncasado,2,17,Inc_medio,1,Nao,Masc,1,Sim,Nao,Sim,Nao,21,0,15.25,0,36.25,Nao,0
617,Plus,25,46,Ncasado,13,45,Inc_medio,12,Nao,Fem,1,Sim,Nao,Nao,Nao,16,0,0,0,16,Nao,0
618,Plus,8,22,Ncasado,3,25,superior,0,Nao,Masc,1,Sim,Nao,Sim,Sim,32.25,0,18.25,19.45,69.95,Nao,0
619,Plus,34,49,Casado,27,61,Inc_sup,15,Nao,Fem,2,Sim,Nao,Nao,Nao,34.25,0,0,0,34.25,Nao,0
620,Plus,69,61,Casado,12,301,medio,37,Nao,Masc,2,Sim,Sim,Sim,Sim,36.75,41.85,16.25,38.45,133.3,Nao,0
621,Plus,72,60,Casado,36,271,Inc_medio,43,Nao,Fem,2,Nao,Nao,Sim,Nao,0,0,52.25,0,52.25,Nao,0
622,Plus,51,48,Ncasado,27,58,Inc_medio,18,Nao,Masc,1,Sim,Nao,Sim,Nao,25.75,0,9.25,0,35,Sim,1
623,Plus,25,20,Ncasado,0,15,medio,0,Nao,Masc,2,Sim,Nao,Sim,Nao,23,0,18.75,0,41.75,Nao,0
624,Plus,31,34,Ncasado,9,105,superior,7,Nao,Fem,4,Nao,Nao,Sim,Nao,0,0,5.75,0,5.75,Nao,0
625,Plus,55,45,Ncasado,8,36,medio,9,Nao,Masc,3,Sim,Nao,Sim,Nao,41.75,0,11.75,0,53.5,Nao,0
626,Plus,52,35,Casado,8,40,superior,1,Nao,Masc,2,Sim,Sim,Sim,Sim,33.5,35.3,11,44.6,124.4,Nao,0
627,Plus,55,37,Casado,15,23,medio,0,Nao,Fem,5,Sim,Nao,Sim,Nao,32.5,0,26.25,0,58.75,Nao,0
628,Plus,48,35,Ncasado,5,63,superior,12,Nao,Masc,2,Nao,Nao,Sim,Nao,0,0,27.5,0,27.5,Sim,1
629,Plus,54,32,Casado,0,50,Inc_medio,15,Nao,Masc,3,Sim,Sim,Sim,Nao,46.25,49.2,21.25,0,116.7,Sim,1
630,Plus,55,44,Casado,2,68,medio,15,Nao,Masc,5,Sim,Nao,Sim,Nao,43.5,0,29.5,0,73,Nao,0
631,Plus,34,30,Ncasado,3,35,medio,2,Nao,Fem,3,Sim,Nao,Sim,Nao,21.5,0,8,0,29.5,Nao,0
632,Plus,10,23,Ncasado,4,36,medio,1,Nao,Masc,3,Sim,Nao,Sim,Nao,14.75,0,22,0,36.75,Nao,0
633,Plus,66,55,Ncasado,20,80,medio,24,Nao,Fem,1,Sim,Nao,Sim,Nao,30.75,0,14.75,0,45.5,Nao,0
634,Plus,4,44,Ncasado,15,32,Inc_sup,0,Nao,Fem,1,Sim,Sim,Sim,Nao,13.75,25.95,8.75,0,48.45,Sim,1
635,Plus,67,47,Casado,7,97,Inc_medio,23,Nao,Masc,4,Nao,Nao,Sim,Nao,0,0,18.5,0,18.5,Nao,0
636,Plus,13,34,Casado,6,37,Inc_sup,6,Nao,Masc,4,Nao,Nao,Nao,Nao,0,0,0,0,0,Nao,0
637,Plus,45,30,Casado,8,38,medio,5,Nao,Masc,6,Nao,Nao,Sim,Nao,0,0,23.75,0,23.75,Nao,0
638,Plus,71,70,Ncasado,30,153,Inc_sup,34,Sim,Fem,1,Sim,Nao,Sim,Sim,46.25,0,26.25,46.7,119.2,Nao,0
639,Plus,44,45,Casado,19,88,Inc_medio,21,Nao,Masc,2,Sim,Nao,Sim,Nao,25.25,0,8.25,0,33.5,Nao,0
640,Plus,62,63,Ncasado,43,341,medio,30,Nao,Masc,1,Nao,Nao,Sim,Nao,0,0,14.25,0,14.25,Sim,1
641,Plus,45,49,Casado,27,81,medio,7,Nao,Fem,4,Sim,Nao,Sim,Nao,50.5,0,21,0,71.5,Nao,0
642,Plus,23,22,Casado,1,27,Inc_medio,4,Nao,Masc,5,Sim,Nao,Sim,Nao,23,0,15.75,0,38.75,Nao,0
643,Plus,19,26,Ncasado,2,48,Inc_sup,0,Nao,Masc,2,Nao,Nao,Sim,Nao,0,0,6.5,0,6.5,Nao,0
644,Plus,13,54,Ncasado,12,121,superior,23,Nao,Masc,1,Nao,Nao,Nao,Nao,0,0,0,0,0,Nao,0
645,Plus,19,65,Ncasado,3,108,Inc_medio,33,Nao,Masc,3,Sim,Nao,Sim,Nao,21.5,0,11.25,0,32.75,Nao,0
646,Plus,51,38,Ncasado,19,51,Inc_medio,18,Nao,Fem,1,Sim,Nao,Sim,Nao,26,0,23.25,0,49.25,Nao,0
647,Plus,17,21,Casado,0,25,medio,1,Nao,Fem,3,Nao,Nao,Nao,Nao,0,0,0,0,0,Nao,0
648,Plus,27,41,Casado,7,62,superior,15,Nao,Fem,2,Sim,Nao,Sim,Nao,16.25,0,6.75,0,23,Nao,0
649,Plus,68,52,Casado,8,456,Inc_sup,30,Nao,Fem,4,Sim,Nao,Sim,Sim,27.5,0,26.75,29.75,84,Nao,0
650,Plus,56,42,Casado,10,24,medio,5,Nao,Masc,2,Nao,Nao,Nao,Nao,0,0,0,0,0,Nao,0
651,Plus,16,50,Ncasado,5,263,medio,29,Nao,Fem,3,Sim,Sim,Nao,Sim,17,31.95,0,21.9,70.85,Nao,0
652,Plus,55,47,Ncasado,11,37,Inc_medio,11,Nao,Masc,1,Sim,Nao,Sim,Nao,20.25,0,10.75,0,31,Nao,0
653,Plus,69,48,Casado,27,55,medio,4,Nao,Masc,2,Sim,Sim,Sim,Nao,35.75,34.25,62,0,132,Nao,0
654,Plus,48,39,Ncasado,20,110,superior,9,Nao,Masc,1,Sim,Nao,Sim,Sim,30.25,0,8.75,30.4,69.4,Nao,0
655,Plus,24,40,Casado,4,39,Inc_sup,5,Nao,Fem,2,Sim,Nao,Sim,Sim,25.75,0,27.5,22.5,75.75,Nao,0
656,Plus,71,41,Casado,10,73,medio,23,Nao,Fem,2,Nao,Nao,Sim,Nao,0,0,41.75,0,41.75,Nao,0
657,Plus,62,59,Casado,37,74,Inc_medio,20,Nao,Masc,2,Sim,Nao,Sim,Nao,36,0,11,0,47,Nao,0
658,Plus,19,33,Casado,11,22,Inc_medio,3,Nao,Masc,5,Nao,Nao,Sim,Nao,0,0,36.25,0,36.25,Nao,0
659,Plus,49,61,Casado,28,21,Inc_medio,8,Nao,Masc,2,Sim,Nao,Sim,Nao,24.75,0,8.75,0,33.5,Nao,0
660,Plus,27,28,Casado,0,58,Inc_sup,0,Nao,Masc,2,Sim,Nao,Nao,Nao,22.5,0,0,0,22.5,Nao,0
661,Plus,4,38,Casado,13,54,medio,4,Nao,Masc,2,Sim,Nao,Sim,Sim,26.25,0,48.5,24.45,99.2,Nao,0
662,Plus,37,42,Ncasado,10,115,Inc_medio,22,Nao,Fem,1,Nao,Nao,Sim,Nao,0,0,18.5,0,18.5,Nao,0
663,Plus,54,33,Ncasado,5,47,medio,13,Nao,Fem,2,Sim,Nao,Sim,Nao,32,0,20.25,0,52.25,Nao,0
664,Plus,7,49,Ncasado,8,36,Inc_medio,0,Nao,Fem,1,Sim,Nao,Sim,Nao,19.5,0,53.25,0,72.75,Sim,1
665,Plus,45,54,Ncasado,25,171,Inc_sup,33,Nao,Fem,1,Sim,Nao,Sim,Nao,18.5,0,8.75,0,27.25,Nao,0
666,Plus,70,44,Casado,24,87,medio,18,Nao,Masc,3,Sim,Nao,Sim,Nao,47.5,0,25,0,72.5,Nao,0
667,Plus,52,54,Ncasado,7,59,Inc_sup,22,Nao,Masc,1,Sim,Nao,Sim,Sim,32.5,0,21.75,39.3,93.55,Nao,0
668,Plus,14,52,Casado,2,44,Inc_sup,5,Nao,Masc,2,Nao,Nao,Sim,Sim,0,0,14.25,14.9,29.15,Nao,0
669,Plus,67,40,Casado,14,59,Inc_sup,11,Nao,Masc,2,Sim,Nao,Sim,Nao,30,0,19.75,0,49.75,Nao,0
670,Plus,29,24,Casado,3,23,Inc_medio,7,Nao,Masc,2,Sim,Nao,Sim,Nao,32.25,0,17.5,0,49.75,Nao,0
671,Plus,71,67,Casado,25,110,Inc_medio,23,Nao,Fem,2,Sim,Nao,Sim,Nao,21.75,0,18.25,0,40,Nao,0
672,Plus,5,44,Casado,2,83,Inc_sup,14,Nao,Fem,3,Sim,Nao,Sim,Sim,26.25,0,20.25,21.95,68.45,Sim,1
673,Plus,67,47,Casado,19,69,Inc_sup,12,Nao,Masc,3,Sim,Nao,Sim,Nao,27,0,10.25,0,37.25,Nao,0
674,Plus,65,72,Ncasado,46,12,medio,0,Sim,Masc,1,Nao,Nao,Sim,Nao,0,0,18,0,18,Nao,0
675,Plus,60,48,Ncasado,29,100,medio,26,Nao,Fem,1,Sim,Nao,Sim,Nao,42.25,0,13.5,0,55.75,Nao,0
676,Plus,16,54,Ncasado,20,147,Inc_medio,29,Nao,Masc,4,Sim,Nao,Sim,Nao,23.25,0,6.5,0,29.75,Nao,0
677,Plus,34,36,Casado,17,50,Inc_medio,4,Nao,Masc,2,Sim,Nao,Sim,Nao,24.5,0,13.75,0,38.25,Nao,0
678,Plus,22,44,Casado,19,37,superior,1,Nao,Masc,2,Sim,Nao,Sim,Nao,35.25,0,18.5,0,53.75,Nao,0
679,Plus,60,53,Ncasado,32,93,Inc_medio,28,Nao,Masc,1,Sim,Nao,Sim,Nao,39.5,0,21,0,60.5,Nao,0
680,Plus,25,28,Casado,6,41,superior,4,Nao,Fem,4,Sim,Sim,Sim,Sim,14.25,33.85,31.5,26.6,106.2,Sim,1
681,Plus,27,67,Ncasado,1,33,superior,19,Sim,Fem,1,Sim,Sim,Sim,Nao,17.75,32.35,12,0,62.1,Sim,1
682,Plus,38,33,Ncasado,4,19,medio,5,Nao,Fem,2,Sim,Nao,Nao,Nao,14.25,0,0,0,14.25,Nao,0
683,Plus,72,65,Casado,33,71,Inc_medio,41,Sim,Fem,4,Sim,Nao,Sim,Nao,22.5,0,66.25,0,88.75,Nao,0
684,Plus,42,42,Casado,9,41,medio,13,Nao,Masc,8,Sim,Nao,Nao,Nao,29.25,0,0,0,29.25,Nao,0
685,Plus,20,51,Casado,11,27,superior,6,Nao,Masc,3,Sim,Nao,Sim,Nao,24.75,0,11.5,0,36.25,Nao,0
686,Plus,61,52,Casado,23,19,Inc_medio,0,Nao,Masc,2,Sim,Sim,Sim,Nao,24.75,29.95,9.25,0,63.95,Sim,1
687,Plus,5,43,Ncasado,16,72,Inc_sup,17,Nao,Fem,1,Sim,Nao,Sim,Nao,15.75,0,6.5,0,22.25,Nao,0
688,Plus,30,74,Casado,12,10,Inc_medio,3,Sim,Fem,2,Sim,Nao,Sim,Nao,30.25,0,17.25,0,47.5,Nao,0
689,Plus,4,22,Casado,1,22,medio,2,Nao,Fem,3,Nao,Nao,Sim,Nao,0,0,23.5,0,23.5,Nao,0
690,Plus,49,63,Ncasado,18,10,medio,2,Sim,Masc,1,Sim,Nao,Sim,Nao,33.25,0,12.75,0,46,Nao,0
691,Plus,5,36,Casado,2,34,Inc_medio,4,Nao,Fem,2,Sim,Nao,Nao,Nao,19.5,0,0,0,19.5,Sim,1
692,Plus,30,23,Casado,0,24,medio,1,Nao,Fem,4,Sim,Nao,Nao,Nao,22.5,0,0,0,22.5,Nao,0
693,Plus,59,54,Ncasado,32,126,Inc_medio,22,Nao,Fem,1,Sim,Nao,Sim,Nao,28.75,0,11.75,0,40.5,Nao,0
694,Plus,16,33,Ncasado,1,30,Inc_sup,7,Nao,Masc,4,Sim,Sim,Sim,Sim,21,41.4,17.75,41,121.15,Sim,1
695,Plus,60,53,Ncasado,22,171,Inc_medio,37,Nao,Fem,1,Sim,Nao,Sim,Nao,31.75,0,18,0,49.75,Nao,0
696,Plus,53,37,Casado,7,25,Inc_medio,2,Nao,Fem,6,Sim,Nao,Sim,Nao,52,0,34,0,86,Nao,0
697,Plus,14,26,Casado,1,25,medio,0,Nao,Fem,3,Nao,Nao,Nao,Nao,0,0,0,0,0,Nao,0
698,Plus,52,49,Ncasado,18,69,medio,13,Nao,Fem,2,Nao,Nao,Sim,Sim,0,0,19,34.5,53.5,Nao,0
699,Plus,33,30,Casado,5,22,Inc_medio,0,Nao,Masc,2,Sim,Nao,Sim,Sim,33.75,0,37.25,30,101,Nao,0
700,Plus,72,66,Ncasado,26,67,medio,37,Sim,Fem,1,Sim,Nao,Sim,Nao,65,0,39.75,0,104.75,Nao,0
701,Plus,40,40,Casado,3,73,superior,12,Nao,Fem,4,Nao,Nao,Sim,Sim,0,0,14,27.15,41.15,Sim,1
702,Plus,63,67,Ncasado,22,9,medio,12,Sim,Masc,1,Nao,Nao,Sim,Nao,0,0,19,0,19,Nao,0
703,Plus,65,39,Casado,18,32,medio,15,Nao,Masc,4,Nao,Nao,Sim,Nao,0,0,9.75,0,9.75,Nao,0
704,Plus,29,31,Ncasado,7,30,Inc_sup,7,Nao,Fem,1,Sim,Nao,Sim,Nao,33.75,0,14.5,0,48.25,Nao,0
705,Plus,28,36,Ncasado,8,57,medio,13,Nao,Fem,2,Sim,Nao,Sim,Nao,21.75,0,17.25,0,39,Nao,0
706,Plus,2,18,Ncasado,0,20,medio,0,Nao,Masc,1,Sim,Nao,Sim,Sim,22.25,0,23.5,27.1,72.85,Sim,1
707,Plus,67,52,Ncasado,13,248,medio,20,Nao,Fem,3,Sim,Sim,Sim,Nao,39.75,34.3,22.25,0,96.3,Nao,0
708,Plus,48,35,Ncasado,10,24,medio,6,Nao,Masc,1,Sim,Nao,Sim,Nao,43,0,28.5,0,71.5,Nao,0
709,Plus,17,28,Ncasado,3,37,Inc_sup,2,Nao,Fem,1,Nao,Nao,Nao,Nao,0,0,0,0,0,Sim,1
710,Plus,50,68,Casado,32,262,Inc_sup,28,Nao,Masc,2,Sim,Sim,Sim,Sim,20.5,40.8,18.25,25.15,104.7,Nao,0
711,Plus,15,62,Casado,3,144,Inc_sup,21,Nao,Masc,2,Sim,Nao,Sim,Sim,15.5,0,31.75,33.95,81.2,Nao,0
712,Plus,22,30,Ncasado,8,41,medio,8,Nao,Masc,1,Sim,Nao,Sim,Sim,22.75,0,13.25,21.35,57.35,Nao,0
713,Plus,34,24,Casado,5,17,superior,0,Nao,Fem,2,Nao,Nao,Sim,Nao,0,0,4.75,0,4.75,Nao,0
714,Plus,43,49,Casado,18,66,Inc_medio,22,Nao,Masc,4,Nao,Nao,Sim,Nao,0,0,20.75,0,20.75,Nao,0
715,Plus,48,42,Ncasado,21,46,superior,4,Nao,Masc,1,Nao,Nao,Sim,Nao,0,0,41.5,0,41.5,Nao,0
716,Plus,4,30,Ncasado,0,41,medio,0,Nao,Masc,2,Nao,Nao,Nao,Nao,0,0,0,0,0,Sim,1
717,Plus,51,37,Casado,17,101,medio,10,Nao,Fem,2,Nao,Nao,Sim,Nao,0,0,9.5,0,9.5,Nao,0
718,Plus,50,28,Ncasado,6,28,Inc_medio,10,Nao,Fem,1,Sim,Sim,Sim,Sim,17.25,36.85,12.75,22,88.85,Nao,0
719,Plus,4,28,Ncasado,0,39,medio,3,Nao,Fem,1,Sim,Nao,Sim,Nao,15,0,12.75,0,27.75,Sim,1
720,Plus,19,23,Casado,4,37,Inc_sup,1,Nao,Fem,4,Sim,Sim,Nao,Nao,17.5,24.8,0,0,42.3,Sim,1
721,Plus,24,31,Casado,6,41,medio,13,Nao,Masc,5,Sim,Nao,Sim,Nao,20,0,13,0,33,Nao,0
722,Plus,70,59,Ncasado,27,85,Inc_medio,19,Nao,Fem,1,Sim,Nao,Sim,Nao,62.5,0,62,0,124.5,Nao,0
723,Plus,20,48,Casado,21,45,Inc_sup,2,Nao,Fem,2,Sim,Nao,Sim,Sim,33,0,27.5,29.4,89.9,Sim,1
724,Plus,71,53,Casado,29,48,superior,0,Nao,Fem,2,Sim,Nao,Sim,Nao,28.75,0,36,0,64.75,Nao,0
725,Plus,17,41,Ncasado,4,32,medio,3,Nao,Masc,1,Sim,Nao,Sim,Nao,9.5,0,6.75,0,16.25,Nao,0
726,Plus,18,45,Casado,17,43,Inc_medio,9,Nao,Masc,3,Sim,Nao,Sim,Nao,17,0,13.75,0,30.75,Nao,0
727,Plus,31,46,Ncasado,23,144,superior,13,Nao,Masc,1,Sim,Nao,Sim,Nao,15.25,0,9.75,0,25,Nao,0
728,Plus,38,56,Casado,34,34,medio,0,Nao,Fem,3,Nao,Nao,Nao,Sim,0,0,0,24.65,24.65,Nao,0
729,Plus,50,54,Ncasado,15,248,Inc_sup,28,Nao,Fem,1,Sim,Nao,Sim,Sim,17.25,0,5.5,29.15,51.9,Nao,0
730,Plus,54,55,Ncasado,1,587,Inc_sup,33,Nao,Masc,1,Nao,Nao,Nao,Nao,0,0,0,0,0,Nao,0
731,Plus,5,39,Ncasado,0,22,Inc_medio,0,Nao,Fem,2,Sim,Nao,Sim,Nao,19,0,9.25,0,28.25,Nao,0
732,Plus,43,29,Ncasado,4,33,Inc_medio,13,Nao,Fem,4,Sim,Nao,Sim,Sim,18.75,0,7.5,24.95,51.2,Nao,0
733,Plus,51,46,Casado,8,107,medio,21,Nao,Fem,6,Sim,Nao,Sim,Sim,25.75,0,23,37.4,86.15,Nao,0
734,Plus,71,55,Casado,11,198,Inc_medio,31,Nao,Fem,3,Sim,Nao,Sim,Nao,44.25,0,32,0,76.25,Nao,0
735,Plus,70,68,Ncasado,21,1131,medio,45,Nao,Masc,1,Sim,Nao,Sim,Sim,57.5,0,15,39.5,112,Nao,0
736,Plus,62,53,Ncasado,14,360,Inc_sup,26,Nao,Fem,2,Sim,Nao,Sim,Nao,53.25,0,16.5,0,69.75,Nao,0
737,Plus,69,47,Casado,10,159,medio,24,Nao,Masc,4,Nao,Nao,Sim,Nao,0,0,36.25,0,36.25,Sim,1
738,Plus,32,44,Ncasado,10,201,medio,24,Nao,Masc,1,Sim,Nao,Sim,Nao,28,0,18.5,0,46.5,Nao,0
739,Plus,19,25,Casado,6,27,superior,0,Nao,Fem,2,Sim,Nao,Sim,Nao,20.5,0,34.75,0,55.25,Sim,1
740,Plus,32,22,Casado,2,17,medio,2,Nao,Fem,4,Sim,Nao,Sim,Nao,28,0,19,0,47,Sim,1
741,Plus,26,55,Casado,13,61,Inc_medio,26,Nao,Masc,2,Sim,Nao,Sim,Nao,29,0,12,0,41,Nao,0
742,Plus,54,50,Casado,5,151,superior,20,Nao,Masc,3,Sim,Nao,Sim,Sim,40.25,0,25.75,21.8,87.8,Nao,0
743,Plus,61,59,Ncasado,26,89,Inc_medio,40,Sim,Fem,1,Sim,Nao,Sim,Nao,35,0,29.25,0,64.25,Nao,0
744,Plus,16,48,Ncasado,25,59,medio,13,Nao,Masc,2,Sim,Nao,Sim,Nao,20.25,0,14,0,34.25,Sim,1
745,Plus,25,38,Casado,19,56,Inc_medio,19,Nao,Fem,2,Nao,Sim,Sim,Sim,0,31.95,32.75,23.65,88.35,Nao,0
746,Plus,71,61,Casado,19,155,Inc_sup,30,Nao,Masc,2,Sim,Nao,Sim,Nao,27.5,0,15,0,42.5,Nao,0
747,Plus,46,48,Casado,15,64,Inc_sup,20,Nao,Masc,2,Sim,Sim,Sim,Sim,26.5,40.2,11.5,23.2,101.4,Nao,0
748,Plus,50,50,Ncasado,24,31,Inc_medio,8,Nao,Masc,1,Nao,Nao,Sim,Nao,0,0,28.25,0,28.25,Nao,0
749,Plus,6,20,Ncasado,0,25,medio,0,Nao,Fem,2,Sim,Nao,Sim,Nao,20.75,0,15.5,0,36.25,Nao,0
750,Plus,46,55,Ncasado,24,269,medio,35,Nao,Masc,1,Sim,Nao,Sim,Nao,39,0,18,0,57,Nao,0
751,Plus,51,49,Casado,13,203,Inc_sup,27,Nao,Masc,4,Sim,Nao,Sim,Nao,22,0,21.75,0,43.75,Nao,0
752,Plus,9,36,Ncasado,1,79,Inc_sup,11,Nao,Fem,5,Sim,Sim,Sim,Sim,27.75,33.75,30.75,25.9,118.15,Sim,1
753,Plus,57,63,Ncasado,19,61,Inc_medio,27,Nao,Masc,1,Sim,Nao,Sim,Nao,38.25,0,33.75,0,72,Nao,0
754,Plus,61,52,Ncasado,21,82,Inc_medio,18,Nao,Masc,1,Nao,Nao,Sim,Nao,0,0,15.75,0,15.75,Nao,0
755,Plus,72,53,Ncasado,34,108,Inc_medio,23,Nao,Masc,1,Sim,Nao,Sim,Sim,35.5,0,14.75,40.75,91,Nao,0
756,Plus,57,60,Ncasado,20,14,medio,27,Sim,Fem,1,Sim,Nao,Sim,Nao,14,0,11.75,0,25.75,Nao,0
757,Plus,37,60,Casado,0,46,Inc_medio,20,Nao,Masc,3,Sim,Nao,Sim,Nao,37.75,0,22,0,59.75,Nao,0
758,Plus,55,44,Ncasado,24,83,Inc_medio,23,Nao,Fem,1,Sim,Nao,Sim,Nao,24.5,0,14.25,0,38.75,Nao,0
759,Plus,34,23,Casado,3,24,Inc_medio,7,Nao,Fem,4,Sim,Nao,Sim,Nao,28,0,12.75,0,40.75,Nao,0
760,Plus,6,32,Ncasado,10,47,Inc_medio,10,Nao,Masc,1,Sim,Nao,Sim,Nao,23.75,0,12.5,0,36.25,Nao,0
761,Plus,44,56,Ncasado,4,63,medio,6,Nao,Fem,1,Sim,Nao,Nao,Nao,20.25,0,0,0,20.25,Sim,1
762,Plus,50,43,Ncasado,6,27,Inc_sup,4,Nao,Masc,1,Sim,Nao,Sim,Nao,45.25,0,52.75,0,98,Nao,0
763,Plus,34,52,Casado,2,106,medio,19,Nao,Masc,2,Sim,Nao,Sim,Nao,19,0,13.5,0,32.5,Nao,0
764,Plus,70,49,Ncasado,18,87,medio,22,Nao,Fem,1,Sim,Nao,Sim,Nao,33.5,0,25.25,0,58.75,Nao,0
765,Total,11,33,Casado,7,136,posgrad,5,Nao,Masc,6,Sim,Nao,Sim,Sim,20.75,0,15.25,35.7,71.7,Sim,1
766,Total,38,35,Ncasado,5,76,medio,10,Nao,Masc,3,Sim,Sim,Sim,Sim,45,50.1,23.25,64.9,183.25,Nao,0
767,Total,57,54,Casado,30,115,superior,23,Nao,Fem,3,Sim,Sim,Nao,Sim,46.25,46.7,0,61.05,154,Sim,1
768,Total,26,29,Casado,3,77,superior,2,Nao,Masc,4,Nao,Sim,Sim,Sim,0,48.1,24.25,38.3,110.65,Sim,1
769,Total,53,33,Ncasado,10,101,posgrad,4,Nao,Fem,2,Nao,Sim,Sim,Sim,0,49.6,26.75,51.4,127.75,Nao,0
770,Total,42,40,Ncasado,7,37,medio,8,Nao,Fem,1,Sim,Sim,Sim,Sim,23.5,36.9,28,37.4,125.8,Nao,0
771,Total,71,53,Casado,27,155,posgrad,12,Nao,Masc,2,Sim,Nao,Sim,Sim,56,0,34,49.95,139.95,Nao,0
772,Total,60,46,Casado,13,163,Inc_sup,24,Nao,Masc,2,Sim,Sim,Sim,Sim,38.25,44.65,13.75,55.25,151.9,Nao,0
773,Total,54,60,Ncasado,38,211,superior,25,Nao,Masc,1,Sim,Sim,Sim,Sim,39.25,46.35,54.25,54.85,194.7,Nao,0
774,Total,9,36,Casado,14,62,superior,10,Nao,Masc,6,Nao,Sim,Nao,Sim,0,46.75,0,48.5,95.25,Sim,1
775,Total,47,41,Casado,0,36,superior,8,Nao,Masc,2,Nao,Sim,Sim,Sim,0,37.45,18.5,38.8,94.75,Sim,1
776,Total,10,22,Ncasado,0,24,superior,0,Nao,Masc,1,Sim,Sim,Sim,Sim,23.75,37.25,22.5,30.05,113.55,Nao,0
777,Total,56,50,Casado,1,80,medio,24,Nao,Fem,4,Sim,Nao,Sim,Sim,55.5,0,21.25,61.1,137.85,Nao,0
778,Total,69,51,Casado,11,438,superior,23,Nao,Fem,2,Nao,Sim,Sim,Nao,0,47.05,24.75,0,71.8,Nao,0
779,Total,44,39,Ncasado,16,79,medio,16,Nao,Masc,1,Sim,Sim,Sim,Sim,24.5,37.45,27.25,30.05,119.25,Sim,1
780,Total,26,42,Ncasado,0,80,superior,15,Nao,Fem,1,Sim,Sim,Sim,Sim,44,49.6,10.5,43.75,147.85,Nao,0
781,Total,41,34,Casado,15,83,posgrad,1,Nao,Fem,2,Sim,Nao,Sim,Nao,33.75,0,5.75,0,39.5,Nao,0
782,Total,20,48,Casado,29,24,medio,3,Nao,Masc,2,Sim,Nao,Sim,Nao,22.5,0,35,0,57.5,Sim,1
783,Total,62,54,Casado,2,50,superior,3,Nao,Masc,2,Nao,Sim,Sim,Sim,0,48,87.5,33.25,168.75,Sim,1
784,Total,4,35,Ncasado,16,161,posgrad,6,Nao,Fem,1,Sim,Sim,Nao,Sim,23.75,49.8,0,35.75,109.3,Sim,1
785,Total,35,33,Ncasado,9,73,posgrad,4,Nao,Fem,1,Sim,Nao,Sim,Sim,38.25,0,22.25,40.35,100.85,Nao,0
786,Total,17,33,Ncasado,9,23,posgrad,3,Nao,Masc,1,Nao,Sim,Sim,Sim,0,36.4,14.5,30.9,81.8,Sim,1
787,Total,13,20,Ncasado,1,17,Inc_sup,0,Nao,Masc,5,Nao,Sim,Sim,Nao,0,31.3,14,0,45.3,Nao,0
788,Total,26,39,Ncasado,8,105,Inc_sup,13,Nao,Fem,1,Sim,Nao,Sim,Sim,39.75,0,37.25,38.25,115.25,Nao,0
789,Total,22,23,Ncasado,3,37,medio,4,Nao,Fem,3,Nao,Sim,Sim,Sim,0,28.1,9,24.7,61.8,Nao,0
790,Total,70,64,Casado,18,98,Inc_medio,31,Nao,Fem,2,Sim,Nao,Sim,Sim,84,0,11.25,45.45,140.7,Nao,0
791,Total,56,47,Casado,19,65,medio,22,Nao,Masc,3,Sim,Nao,Sim,Sim,48.75,0,36.5,58.4,143.65,Nao,0
792,Total,11,32,Ncasado,6,125,superior,5,Nao,Masc,1,Sim,Sim,Sim,Sim,19.25,61.45,19,58.25,157.95,Sim,1
793,Total,29,37,Casado,13,145,posgrad,0,Nao,Fem,4,Sim,Sim,Sim,Sim,24,41.15,17.75,28,110.9,Nao,0
794,Total,20,34,Casado,2,22,superior,0,Nao,Fem,3,Sim,Sim,Sim,Sim,18.25,35.05,34.75,31.65,119.7,Nao,0
795,Total,39,51,Casado,21,41,posgrad,20,Nao,Masc,6,Sim,Sim,Sim,Sim,20.5,54.3,9.75,35.35,119.9,Nao,0
796,Total,61,48,Ncasado,14,115,superior,20,Nao,Fem,1,Sim,Sim,Sim,Sim,16,39.2,17.25,31,103.45,Nao,0
797,Total,34,54,Ncasado,31,53,superior,22,Nao,Masc,1,Sim,Sim,Sim,Sim,18,45.6,56.5,66.9,187,Nao,0
798,Total,38,53,Ncasado,13,242,superior,12,Nao,Masc,1,Sim,Sim,Sim,Sim,37.75,54.1,28.5,50.75,171.1,Nao,0
799,Total,38,27,Casado,0,26,superior,2,Nao,Masc,4,Nao,Sim,Sim,Sim,0,38.75,9.25,28.05,76.05,Sim,1
800,Total,22,56,Casado,14,57,superior,28,Nao,Masc,2,Sim,Sim,Sim,Sim,18.25,36.65,10.5,28.8,94.2,Nao,0
801,Total,64,46,Casado,19,168,medio,26,Nao,Fem,2,Sim,Sim,Sim,Sim,71,73.8,38.75,62.45,246,Nao,0
802,Total,42,22,Casado,0,46,superior,0,Nao,Masc,2,Sim,Sim,Sim,Sim,20.25,51.35,6,36,113.6,Sim,1
803,Total,33,26,Ncasado,5,46,superior,1,Nao,Fem,3,Sim,Sim,Sim,Sim,17.5,40.9,6,32.05,96.45,Nao,0
804,Total,69,42,Casado,11,65,medio,18,Nao,Masc,2,Sim,Sim,Sim,Sim,30.5,64.2,31.5,66.55,192.75,Nao,0
805,Total,13,33,Ncasado,7,38,Inc_sup,10,Nao,Fem,1,Sim,Sim,Sim,Sim,18.5,40.8,12.5,28.85,100.65,Nao,0
806,Total,18,69,Casado,11,58,Inc_sup,8,Nao,Masc,2,Sim,Sim,Sim,Sim,27.25,53.95,11.75,63,155.95,Nao,0
807,Total,72,66,Ncasado,30,460,superior,41,Nao,Fem,1,Nao,Sim,Sim,Nao,0,46.55,18.75,0,65.3,Nao,0
808,Total,24,39,Ncasado,2,122,superior,12,Nao,Masc,3,Sim,Nao,Sim,Sim,26.25,0,9.75,35.9,71.9,Nao,0
809,Total,38,31,Casado,7,187,superior,6,Nao,Masc,3,Sim,Nao,Sim,Sim,21.25,0,34,47.85,103.1,Sim,1
810,Total,10,27,Casado,2,15,Inc_sup,2,Nao,Fem,2,Sim,Sim,Sim,Sim,12.75,48.65,7.5,39.5,108.4,Sim,1
811,Total,23,25,Casado,5,19,posgrad,0,Nao,Masc,3,Sim,Sim,Nao,Nao,25,36.7,0,0,61.7,Sim,1
812,Total,72,61,Casado,39,76,Inc_sup,21,Nao,Masc,2,Sim,Sim,Sim,Sim,67.25,51.35,69.5,55.5,243.6,Nao,0
813,Total,3,36,Ncasado,7,34,posgrad,3,Nao,Fem,3,Sim,Sim,Nao,Nao,13,24,0,0,37,Nao,0
814,Total,48,47,Ncasado,9,72,Inc_sup,13,Nao,Masc,5,Sim,Nao,Sim,Sim,28.5,0,16,32.55,77.05,Sim,1
815,Total,43,43,Casado,3,55,superior,18,Nao,Fem,4,Sim,Sim,Sim,Sim,40.75,48.4,16,50.6,155.75,Nao,0
816,Total,63,29,Ncasado,10,20,Inc_sup,7,Nao,Masc,2,Sim,Sim,Sim,Sim,31,62.35,10,96.25,199.6,Nao,0
817,Total,50,52,Casado,17,36,superior,16,Nao,Masc,4,Sim,Nao,Sim,Sim,55,0,48,85.85,188.85,Nao,0
818,Total,39,31,Casado,6,24,superior,2,Nao,Masc,2,Nao,Sim,Sim,Nao,0,33.3,16.5,0,49.8,Nao,0
819,Total,43,51,Casado,15,186,Inc_sup,25,Nao,Masc,2,Sim,Nao,Sim,Sim,59.75,0,20.25,59.15,139.15,Nao,0
820,Total,72,66,Casado,43,96,medio,16,Nao,Fem,2,Sim,Nao,Sim,Sim,34.75,0,21.5,50.7,106.95,Nao,0
821,Total,42,48,Casado,22,82,Inc_medio,21,Nao,Fem,5,Sim,Nao,Sim,Nao,25,0,17,0,42,Nao,0
822,Total,3,25,Ncasado,4,22,superior,0,Nao,Masc,2,Nao,Sim,Sim,Nao,0,28.25,19.5,0,47.75,Sim,1
823,Total,37,33,Ncasado,1,102,medio,12,Nao,Masc,1,Nao,Sim,Sim,Sim,0,33.35,10.25,37.9,81.5,Nao,0
824,Total,7,27,Ncasado,5,31,Inc_sup,4,Nao,Masc,5,Sim,Sim,Nao,Sim,15,46.05,0,41.85,102.9,Sim,1
825,Total,71,56,Ncasado,23,170,Inc_medio,30,Nao,Fem,1,Sim,Nao,Sim,Nao,27,0,30,0,57,Nao,0
826,Total,50,34,Ncasado,10,104,Inc_sup,9,Nao,Masc,1,Sim,Sim,Sim,Sim,21.75,52.1,20.25,47.9,142,Nao,0
827,Total,51,28,Ncasado,8,43,posgrad,1,Nao,Masc,5,Sim,Sim,Sim,Sim,35,77.7,20,80.35,213.05,Nao,0
828,Total,49,51,Casado,5,80,posgrad,3,Nao,Masc,2,Nao,Sim,Sim,Sim,0,51.75,36,36.7,124.45,Sim,1
829,Total,38,37,Casado,1,52,Inc_medio,20,Nao,Fem,4,Sim,Nao,Sim,Sim,41.5,0,18.75,54.4,114.65,Nao,0
830,Total,13,43,Casado,1,123,Inc_sup,21,Nao,Masc,5,Sim,Sim,Sim,Nao,23,33.05,6.75,0,62.8,Nao,0
831,Total,25,51,Casado,20,359,Inc_sup,29,Nao,Masc,2,Sim,Sim,Sim,Sim,27.5,39.2,40.5,21.4,128.6,Nao,0
832,Total,50,52,Ncasado,30,214,Inc_sup,22,Nao,Masc,1,Sim,Sim,Sim,Sim,26.25,40.7,12,48.3,127.25,Nao,0
833,Total,48,32,Ncasado,2,88,Inc_sup,9,Nao,Masc,1,Sim,Nao,Sim,Sim,33.75,0,29.75,44.75,108.25,Nao,0
834,Total,28,33,Casado,3,14,superior,1,Nao,Masc,3,Sim,Sim,Nao,Sim,15.75,33,0,23.95,72.7,Sim,1
835,Total,48,49,Ncasado,18,39,medio,5,Nao,Fem,1,Sim,Sim,Sim,Sim,24.5,42.8,23.5,30.75,121.55,Sim,1
836,Total,21,44,Casado,4,26,Inc_sup,2,Nao,Masc,2,Sim,Sim,Sim,Sim,41,42.35,23.5,35.75,142.6,Nao,0
837,Total,17,68,Casado,1,335,Inc_medio,35,Nao,Fem,3,Sim,Nao,Sim,Sim,18.75,0,29.25,27.9,75.9,Nao,0
838,Total,3,31,Casado,4,35,medio,2,Nao,Fem,3,Sim,Sim,Nao,Sim,12.75,34.05,0,21.5,68.3,Sim,1
839,Total,26,42,Ncasado,20,49,Inc_sup,13,Nao,Masc,1,Sim,Sim,Sim,Sim,25,43.65,24.5,27.7,120.85,Sim,1
840,Total,32,27,Casado,3,91,superior,1,Nao,Fem,3,Sim,Sim,Sim,Sim,16,42.65,3.75,41.3,103.7,Sim,1
841,Total,26,26,Ncasado,2,14,medio,6,Nao,Fem,1,Sim,Sim,Nao,Sim,36.5,38.7,0,27.9,103.1,Sim,1
842,Total,20,37,Ncasado,5,46,Inc_sup,10,Nao,Fem,4,Nao,Sim,Sim,Sim,0,44.6,6.25,41.35,92.2,Nao,0
843,Total,72,41,Ncasado,20,181,superior,12,Nao,Masc,1,Sim,Sim,Sim,Sim,23.25,69.4,7.75,52.4,152.8,Nao,0
844,Total,71,52,Ncasado,17,172,medio,32,Nao,Masc,1,Sim,Sim,Sim,Sim,41.5,50.9,27.25,68.1,187.75,Nao,0
845,Total,60,45,Casado,23,117,superior,11,Nao,Masc,3,Sim,Sim,Sim,Sim,28,51.7,19.5,52.9,152.1,Nao,0
846,Total,42,32,Casado,0,59,superior,4,Nao,Fem,6,Sim,Sim,Sim,Sim,38.25,53.45,22.75,72.6,187.05,Nao,0
847,Total,71,60,Casado,39,508,superior,35,Nao,Masc,4,Sim,Nao,Sim,Nao,48.25,0,21,0,69.25,Nao,0
848,Total,32,23,Casado,2,26,Inc_sup,1,Nao,Fem,6,Sim,Sim,Sim,Nao,24,31.1,28.25,0,83.35,Nao,0
849,Total,47,35,Casado,13,70,superior,9,Nao,Fem,2,Sim,Sim,Nao,Sim,33,47.4,0,45.85,126.25,Sim,1
850,Total,61,34,Casado,0,70,Inc_sup,7,Nao,Fem,3,Sim,Sim,Sim,Sim,30,51.95,18.75,47.3,148,Sim,1
851,Total,56,38,Casado,8,56,superior,10,Nao,Masc,2,Sim,Sim,Sim,Sim,26.75,44.95,11.5,27.4,110.6,Nao,0
852,Total,16,26,Ncasado,7,21,superior,1,Nao,Masc,6,Sim,Sim,Nao,Sim,11,44.75,0,30.8,86.55,Nao,0
853,Total,47,25,Ncasado,2,28,medio,6,Nao,Masc,1,Sim,Sim,Sim,Sim,19.75,35.15,17,31.15,103.05,Nao,0
854,Total,67,40,Casado,21,40,superior,7,Nao,Fem,4,Nao,Sim,Sim,Sim,0,46.6,15.25,37.45,99.3,Nao,0
855,Total,72,60,Casado,33,12,Inc_medio,20,Sim,Masc,3,Sim,Nao,Sim,Sim,68.5,0,10.25,43.95,122.7,Nao,0
856,Total,61,43,Casado,6,34,posgrad,6,Nao,Masc,3,Sim,Sim,Sim,Sim,39,56.8,32.75,51,179.55,Sim,1
857,Total,54,27,Ncasado,3,27,medio,6,Nao,Fem,5,Sim,Sim,Sim,Sim,35,48.3,5.75,43.5,132.55,Nao,0
858,Total,28,38,Ncasado,8,119,posgrad,2,Nao,Masc,3,Nao,Sim,Nao,Sim,0,46.9,0,42.65,89.55,Sim,1
859,Total,44,32,Casado,1,96,superior,5,Nao,Fem,4,Sim,Sim,Sim,Sim,22,61.95,8.75,57.8,150.5,Nao,0
860,Total,50,29,Casado,10,53,superior,0,Nao,Fem,4,Sim,Sim,Sim,Sim,46,53.15,11.5,46.4,157.05,Nao,0
861,Total,8,24,Casado,1,18,superior,0,Nao,Fem,5,Sim,Sim,Sim,Sim,17,39.3,20,34.3,110.6,Sim,1
862,Total,62,57,Casado,21,94,Inc_medio,22,Nao,Masc,2,Sim,Nao,Sim,Nao,32,0,53,0,85,Nao,0
863,Total,11,20,Ncasado,1,20,medio,0,Nao,Fem,1,Sim,Sim,Sim,Sim,23,38.55,13.5,42.7,117.75,Sim,1
864,Total,45,30,Casado,0,63,posgrad,4,Nao,Masc,4,Sim,Sim,Sim,Sim,40.75,39.75,16.5,50.85,147.85,Sim,1
865,Total,42,56,Ncasado,24,72,superior,18,Nao,Fem,1,Nao,Sim,Sim,Sim,0,38.5,20.5,40.05,99.05,Nao,0
866,Total,4,31,Ncasado,5,39,medio,5,Nao,Masc,2,Sim,Sim,Sim,Sim,26,41.55,10,36.4,113.95,Sim,1
867,Total,53,64,Casado,10,54,medio,20,Nao,Fem,2,Sim,Sim,Sim,Sim,39.25,51.15,53.5,74.8,218.7,Nao,0
868,Total,19,30,Casado,10,33,superior,1,Nao,Masc,3,Sim,Sim,Nao,Nao,22.25,31.8,0,0,54.05,Nao,0
869,Total,28,20,Casado,1,18,Inc_sup,0,Nao,Masc,3,Nao,Sim,Nao,Sim,0,38.9,0,32,70.9,Nao,0
870,Total,55,65,Ncasado,34,28,superior,12,Sim,Fem,1,Sim,Nao,Sim,Sim,46.25,0,14.75,41.2,102.2,Nao,0
871,Total,31,32,Casado,13,37,Inc_sup,8,Nao,Fem,3,Sim,Nao,Sim,Sim,19.75,0,8.75,56.45,84.95,Nao,0
872,Total,26,27,Casado,4,33,superior,1,Nao,Masc,6,Sim,Sim,Sim,Sim,25.5,42.45,13.25,34.15,115.35,Sim,1
873,Total,26,30,Ncasado,9,18,superior,1,Nao,Masc,3,Sim,Nao,Sim,Nao,25.5,0,32.5,0,58,Sim,1
874,Total,71,46,Ncasado,27,119,posgrad,7,Nao,Fem,1,Nao,Sim,Sim,Sim,0,70.05,15,111.95,197,Nao,0
875,Total,60,44,Casado,4,150,medio,24,Nao,Masc,2,Sim,Nao,Sim,Sim,63.5,0,15,36.8,115.3,Nao,0
876,Total,54,40,Ncasado,19,50,superior,12,Nao,Fem,2,Nao,Nao,Sim,Sim,0,0,5,33.05,38.05,Nao,0
877,Total,13,38,Casado,8,104,superior,6,Nao,Masc,7,Sim,Nao,Sim,Sim,21.5,0,25.75,58.85,106.1,Sim,1
878,Total,67,42,Casado,20,81,Inc_sup,20,Nao,Fem,5,Sim,Nao,Sim,Sim,41.25,0,9.5,36.7,87.45,Nao,0
879,Total,2,28,Ncasado,7,46,Inc_sup,0,Nao,Fem,1,Nao,Nao,Nao,Sim,0,0,0,15.1,15.1,Nao,0
880,Total,28,36,Ncasado,3,69,Inc_sup,2,Nao,Masc,1,Sim,Sim,Sim,Sim,25.25,41.55,31.75,36.6,135.15,Nao,0
881,Total,41,46,Casado,14,47,medio,11,Nao,Masc,5,Sim,Sim,Sim,Sim,41.25,55.8,20,50.95,168,Nao,0
882,Total,18,38,Ncasado,8,45,medio,2,Nao,Fem,4,Sim,Sim,Sim,Sim,31.5,36.25,15,23.4,106.15,Sim,1
883,Total,6,42,Casado,17,29,medio,2,Nao,Fem,2,Sim,Nao,Sim,Sim,25.75,0,29,31.9,86.65,Nao,0
884,Total,13,23,Casado,3,30,Inc_sup,0,Nao,Fem,4,Sim,Sim,Nao,Nao,24.25,28.85,0,0,53.1,Nao,0
885,Total,20,35,Ncasado,0,78,superior,7,Nao,Masc,1,Nao,Sim,Nao,Sim,0,46.1,0,35.25,81.35,Sim,1
886,Total,46,29,Casado,4,90,posgrad,3,Nao,Masc,4,Sim,Nao,Sim,Sim,40.5,0,34.5,39.8,114.8,Nao,0
887,Total,50,25,Casado,1,36,superior,2,Nao,Fem,5,Nao,Sim,Sim,Sim,0,40.6,10.25,40.85,91.7,Nao,0
888,Total,67,40,Casado,10,80,superior,8,Nao,Fem,2,Sim,Sim,Sim,Sim,21.75,53.55,18.75,48.05,142.1,Nao,0
889,Total,19,50,Ncasado,7,112,superior,3,Nao,Fem,1,Nao,Sim,Sim,Sim,0,44.8,14.25,46.55,105.6,Nao,0
890,Total,39,34,Casado,11,55,superior,10,Nao,Fem,4,Sim,Sim,Sim,Sim,33.75,56.95,35.5,47.85,174.05,Nao,0
891,Total,25,62,Ncasado,27,28,superior,33,Sim,Fem,1,Sim,Sim,Sim,Sim,14.75,52,18,47,131.75,Sim,1
892,Total,48,31,Casado,12,52,superior,3,Nao,Masc,3,Sim,Sim,Sim,Sim,26.5,50.95,31.75,55.55,164.75,Nao,0
893,Total,23,35,Ncasado,2,96,Inc_sup,4,Nao,Masc,1,Nao,Sim,Sim,Sim,0,37.6,22.75,46.2,106.55,Sim,1
894,Total,51,36,Ncasado,13,62,Inc_sup,9,Nao,Masc,2,Sim,Nao,Sim,Sim,36.25,0,19.75,40.4,96.4,Nao,0
895,Total,53,33,Ncasado,1,60,Inc_medio,6,Nao,Masc,2,Sim,Nao,Sim,Sim,28.5,0,41,28.55,98.05,Nao,0
896,Total,66,39,Casado,12,60,superior,10,Nao,Masc,3,Sim,Sim,Sim,Sim,39.25,46.3,17.25,36.4,139.2,Nao,0
897,Total,11,24,Casado,0,31,medio,3,Nao,Fem,4,Sim,Sim,Sim,Sim,16,39.2,13.75,33.55,102.5,Sim,1
898,Total,2,29,Casado,3,44,medio,9,Nao,Fem,6,Sim,Sim,Sim,Sim,16.25,43.2,12.25,33.6,105.3,Sim,1
899,Total,34,63,Casado,10,23,medio,0,Nao,Fem,2,Sim,Sim,Sim,Sim,19.5,39.6,15.25,28.95,103.3,Nao,0
900,Total,12,23,Casado,2,24,superior,0,Nao,Fem,8,Sim,Nao,Sim,Sim,41,0,15.75,35.4,92.15,Nao,0
901,Total,39,34,Ncasado,4,20,posgrad,3,Nao,Fem,1,Sim,Sim,Sim,Sim,21.25,59.2,10,79.2,169.65,Nao,0
902,Total,5,33,Ncasado,6,39,Inc_sup,4,Nao,Masc,3,Sim,Sim,Nao,Nao,19.5,27.45,0,0,46.95,Sim,1
903,Total,3,31,Casado,4,23,superior,4,Nao,Masc,5,Sim,Sim,Sim,Sim,16.5,36,37.75,21.7,111.95,Sim,1
904,Total,60,64,Ncasado,14,33,medio,13,Sim,Masc,1,Sim,Nao,Sim,Sim,22.25,0,12.25,47.4,81.9,Nao,0
905,Total,31,23,Casado,1,31,Inc_sup,1,Nao,Fem,2,Sim,Sim,Sim,Sim,19,58.7,16.5,51.35,145.55,Sim,1
906,Total,16,27,Ncasado,5,41,superior,2,Nao,Fem,1,Sim,Sim,Sim,Sim,15.75,42.75,17.25,30.95,106.7,Sim,1
907,Total,17,42,Ncasado,6,31,medio,2,Nao,Masc,1,Sim,Nao,Nao,Sim,24.5,0,0,26.4,50.9,Sim,1
908,Total,15,46,Ncasado,5,232,superior,15,Nao,Fem,2,Sim,Sim,Sim,Sim,23,45.15,22.75,31.3,122.2,Sim,1
909,Total,20,38,Ncasado,19,237,superior,13,Nao,Masc,1,Sim,Sim,Sim,Sim,21.25,34.4,9.75,26.9,92.3,Nao,0
910,Total,42,48,Casado,14,27,Inc_sup,5,Nao,Fem,3,Sim,Sim,Sim,Sim,36,54.2,22.75,28.4,141.35,Nao,0
911,Total,11,26,Ncasado,2,53,Inc_sup,3,Nao,Masc,1,Sim,Sim,Sim,Sim,21.5,43.7,11.75,38.8,115.75,Sim,1
912,Total,10,28,Ncasado,9,75,superior,1,Nao,Masc,1,Sim,Sim,Sim,Sim,27.5,42.4,40,36.3,146.2,Sim,1
913,Total,8,35,Ncasado,6,31,posgrad,7,Nao,Masc,1,Sim,Sim,Nao,Sim,17.25,35.65,0,42.05,94.95,Sim,1
914,Total,16,59,Ncasado,5,207,medio,37,Nao,Fem,2,Sim,Nao,Sim,Nao,15.5,0,11.75,0,27.25,Nao,0
915,Total,8,49,Ncasado,14,134,superior,9,Nao,Fem,1,Sim,Sim,Sim,Sim,30.5,59.3,23.5,60.3,173.6,Sim,1
916,Total,24,43,Casado,15,48,superior,4,Nao,Masc,6,Sim,Sim,Sim,Sim,25.75,37.2,57.75,36.95,157.65,Nao,0
917,Total,10,42,Casado,10,294,superior,9,Nao,Fem,6,Sim,Sim,Sim,Sim,27.5,44.35,23.5,36.85,132.2,Sim,1
918,Total,19,27,Casado,3,35,medio,4,Nao,Masc,6,Sim,Nao,Sim,Nao,20.5,0,23,0,43.5,Nao,0
919,Total,52,64,Ncasado,44,43,Inc_sup,7,Nao,Masc,1,Sim,Sim,Sim,Sim,28.5,48.75,24,37.15,138.4,Nao,0
920,Total,24,46,Ncasado,12,43,medio,6,Nao,Masc,1,Sim,Nao,Sim,Sim,48.25,0,33,28.15,109.4,Nao,0
921,Total,17,35,Ncasado,7,66,medio,11,Nao,Masc,1,Nao,Sim,Sim,Sim,0,29.15,11.25,28.05,68.45,Sim,1
922,Total,15,30,Casado,8,90,medio,11,Nao,Masc,5,Sim,Nao,Sim,Sim,18.5,0,9.75,23,51.25,Nao,0
923,Total,54,42,Casado,0,55,superior,2,Nao,Masc,5,Sim,Sim,Sim,Sim,55.5,62.15,19.25,83.7,220.6,Sim,1
924,Total,38,31,Casado,2,42,medio,7,Nao,Fem,4,Sim,Nao,Sim,Nao,22.25,0,9.25,0,31.5,Nao,0
925,Total,47,69,Casado,17,228,Inc_sup,39,Nao,Fem,4,Sim,Sim,Sim,Sim,35.5,37.5,21,50.9,144.9,Sim,1
926,Total,72,62,Casado,35,163,posgrad,31,Nao,Masc,2,Sim,Sim,Sim,Sim,32.75,45.15,39.75,56.55,174.2,Nao,0
927,Total,6,35,Casado,6,28,superior,3,Nao,Fem,3,Sim,Sim,Sim,Sim,23,39.35,18.5,30.3,111.15,Nao,0
928,Total,65,70,Casado,9,115,medio,39,Sim,Fem,2,Sim,Nao,Sim,Sim,26,0,43,33.75,102.75,Nao,0
929,Total,19,32,Ncasado,12,71,superior,5,Nao,Fem,1,Sim,Sim,Sim,Sim,21.5,62.4,17,47.8,148.7,Sim,1
930,Total,10,28,Casado,2,36,superior,0,Nao,Fem,3,Sim,Sim,Nao,Sim,19.75,27.35,0,22.65,69.75,Nao,0
931,Total,3,25,Ncasado,0,65,superior,0,Nao,Fem,1,Nao,Sim,Sim,Nao,0,34.25,11.25,0,45.5,Sim,1
932,Total,39,34,Casado,10,51,Inc_sup,13,Nao,Fem,4,Sim,Nao,Sim,Sim,78.75,0,35,38.8,152.55,Nao,0
933,Total,60,57,Casado,18,72,posgrad,30,Sim,Masc,2,Sim,Sim,Sim,Sim,29,50.25,20.5,55.9,155.65,Nao,0
934,Total,48,50,Casado,4,208,superior,19,Nao,Fem,2,Sim,Sim,Sim,Sim,22.75,43.2,12,41.25,119.2,Sim,1
935,Total,68,57,Casado,33,15,medio,0,Nao,Fem,2,Sim,Nao,Sim,Sim,49,0,18.75,50.6,118.35,Sim,1
936,Total,72,68,Casado,26,59,medio,36,Sim,Fem,2,Sim,Sim,Sim,Sim,24,38.2,20.25,48.85,131.3,Nao,0
937,Total,43,38,Casado,7,18,Inc_sup,8,Nao,Fem,3,Nao,Sim,Nao,Sim,0,39.55,0,29.4,68.95,Nao,0
938,Total,19,35,Ncasado,7,58,Inc_sup,5,Nao,Fem,1,Sim,Sim,Sim,Sim,37,40.3,21.25,43.05,141.6,Sim,1
939,Total,14,40,Ncasado,13,398,posgrad,11,Nao,Fem,1,Sim,Sim,Sim,Sim,18,43.1,23.75,47.7,132.55,Sim,1
940,Total,60,48,Casado,22,106,Inc_sup,21,Nao,Fem,3,Sim,Nao,Sim,Sim,44.25,0,17,69.55,130.8,Nao,0
941,Total,44,49,Casado,2,66,medio,8,Nao,Fem,4,Sim,Nao,Sim,Sim,43.25,0,38.75,39.55,121.55,Nao,0
942,Total,28,48,Ncasado,20,128,superior,4,Nao,Fem,1,Sim,Sim,Sim,Sim,20.75,53.6,26.5,55.3,156.15,Sim,1
943,Total,5,28,Casado,3,39,posgrad,1,Nao,Masc,6,Sim,Sim,Sim,Sim,24.25,44.65,16.5,32.5,117.9,Nao,0
944,Total,27,35,Ncasado,12,56,Inc_medio,3,Nao,Fem,1,Sim,Sim,Sim,Sim,32.5,35.65,11,33.85,113,Nao,0
945,Total,71,40,Casado,19,53,superior,14,Nao,Fem,2,Sim,Nao,Sim,Sim,40,0,27.75,38.35,106.1,Nao,0
946,Total,33,39,Ncasado,17,27,superior,3,Nao,Fem,1,Sim,Sim,Sim,Sim,21.75,41.75,8.5,61.6,133.6,Nao,0
947,Total,72,45,Casado,25,98,superior,20,Nao,Fem,2,Nao,Nao,Sim,Sim,0,0,13.25,42.85,56.1,Nao,0
948,Total,66,54,Casado,8,591,superior,25,Nao,Fem,2,Sim,Sim,Sim,Sim,34.25,45,16,53,148.25,Nao,0
949,Total,22,28,Casado,0,36,superior,0,Nao,Masc,4,Sim,Sim,Sim,Sim,21.5,39.9,9.5,42.9,113.8,Nao,0
950,Total,29,26,Ncasado,1,22,superior,2,Nao,Fem,1,Nao,Sim,Sim,Sim,0,47,24.25,35.55,106.8,Sim,1
951,Total,60,50,Casado,26,239,medio,19,Nao,Fem,2,Sim,Nao,Sim,Sim,77.75,0,10.25,64.2,152.2,Nao,0
952,Total,5,35,Casado,9,59,Inc_sup,8,Nao,Fem,5,Sim,Sim,Sim,Sim,18.5,37.9,22.75,26.4,105.55,Nao,0
953,Total,21,24,Casado,0,30,superior,0,Nao,Fem,5,Sim,Sim,Sim,Sim,23.75,36.3,10.5,31.75,102.3,Nao,0
954,Total,25,51,Ncasado,9,66,superior,13,Nao,Masc,2,Sim,Sim,Sim,Sim,16.25,48.15,31,34.55,129.95,Nao,0
955,Total,59,49,Ncasado,28,429,superior,23,Nao,Fem,2,Sim,Sim,Sim,Sim,24.25,42.85,16,43.35,126.45,Sim,1
956,Total,31,37,Casado,15,18,superior,5,Nao,Masc,3,Sim,Sim,Sim,Sim,19.5,47.25,15.75,39.8,122.3,Nao,0
957,Total,21,43,Ncasado,13,41,medio,1,Nao,Fem,1,Sim,Sim,Sim,Sim,23.75,45.4,12.25,37.25,118.65,Sim,1
958,Total,7,32,Ncasado,1,71,superior,3,Nao,Masc,2,Sim,Sim,Nao,Sim,15.25,41,0,28.05,84.3,Nao,0
959,Total,65,56,Casado,19,608,Inc_sup,34,Nao,Fem,2,Sim,Nao,Sim,Sim,69.5,0,20.25,68.3,158.05,Nao,0
960,Total,60,56,Ncasado,19,51,superior,11,Nao,Masc,1,Nao,Sim,Sim,Sim,0,57.45,28.5,67,152.95,Nao,0
961,Total,58,37,Casado,5,64,superior,8,Nao,Fem,2,Sim,Sim,Sim,Sim,58.75,63.25,37.75,109.7,269.45,Sim,1
962,Total,65,64,Ncasado,20,88,Inc_sup,26,Nao,Fem,1,Sim,Sim,Sim,Sim,36.25,39.9,24,48.8,148.95,Sim,1
963,Total,8,42,Ncasado,3,66,Inc_sup,10,Nao,Masc,1,Nao,Nao,Sim,Sim,0,0,27.5,21.5,49,Nao,0
964,Total,18,34,Casado,4,42,medio,14,Nao,Fem,5,Sim,Nao,Sim,Nao,19,0,17,0,36,Nao,0
965,Total,7,38,Ncasado,4,70,superior,4,Nao,Masc,1,Sim,Sim,Sim,Sim,19.25,38.35,7,17.7,82.3,Sim,1
966,Total,16,27,Ncasado,8,16,posgrad,0,Nao,Fem,1,Sim,Sim,Sim,Sim,17.75,44.85,13.5,33.9,110,Sim,1
967,Total,52,45,Casado,19,40,Inc_sup,9,Nao,Fem,3,Nao,Sim,Sim,Sim,0,34.35,14.5,34.1,82.95,Nao,0
968,Total,46,48,Casado,12,256,Inc_sup,25,Nao,Masc,6,Sim,Sim,Sim,Sim,31.75,43.65,18.75,66,160.15,Nao,0
969,Total,16,49,Ncasado,17,41,medio,5,Nao,Masc,1,Sim,Sim,Nao,Sim,14,39.15,0,31.8,84.95,Nao,0
970,Total,14,34,Casado,4,27,superior,1,Nao,Fem,2,Sim,Sim,Sim,Sim,23.5,36.25,20.5,37.85,118.1,Nao,0
971,Total,22,47,Casado,0,44,superior,11,Nao,Fem,3,Sim,Sim,Sim,Sim,21.25,50.75,57.25,57,186.25,Sim,1
972,Total,38,55,Casado,12,135,medio,24,Nao,Masc,4,Sim,Nao,Sim,Nao,31.75,0,16.25,0,48,Nao,0
973,Total,9,40,Ncasado,13,38,superior,7,Nao,Fem,1,Sim,Sim,Sim,Sim,21,42.4,17.5,59.55,140.45,Sim,1
974,Total,3,32,Ncasado,4,58,medio,11,Nao,Masc,4,Sim,Sim,Sim,Sim,15.75,29.5,9.25,28.55,83.05,Sim,1
975,Total,20,46,Ncasado,2,23,posgrad,4,Nao,Fem,2,Nao,Nao,Nao,Nao,0,0,0,0,0,Nao,0
976,Total,5,52,Casado,0,97,posgrad,9,Nao,Masc,2,Sim,Sim,Sim,Sim,16.5,35.25,25.5,40.3,117.55,Sim,1
977,Total,58,53,Ncasado,19,207,Inc_sup,12,Nao,Fem,1,Sim,Sim,Sim,Sim,29.5,51.2,22,62.8,165.5,Sim,1
978,Total,17,50,Ncasado,2,205,posgrad,19,Nao,Masc,1,Sim,Sim,Nao,Sim,21.25,37.95,0,36.65,95.85,Sim,1
979,Total,50,52,Casado,22,162,medio,27,Nao,Fem,2,Sim,Sim,Sim,Sim,24.25,49.2,14.25,42.85,130.55,Nao,0
980,Total,15,26,Ncasado,1,38,superior,1,Nao,Masc,2,Nao,Sim,Nao,Nao,0,35.4,0,0,35.4,Sim,1
981,Total,42,54,Ncasado,19,57,Inc_sup,10,Nao,Fem,1,Nao,Sim,Sim,Sim,0,47.15,11.75,47.5,106.4,Nao,0
982,Total,39,44,Casado,14,418,superior,18,Nao,Masc,2,Sim,Nao,Sim,Nao,27.5,0,17.5,0,45,Nao,0
983,Total,72,53,Ncasado,12,152,medio,32,Nao,Fem,1,Sim,Nao,Sim,Sim,50.5,0,19.25,44.9,114.65,Nao,0
984,Total,4,39,Ncasado,11,38,superior,1,Nao,Masc,2,Sim,Nao,Sim,Sim,22.75,0,13.75,30.2,66.7,Sim,1
985,Total,34,40,Casado,21,23,superior,9,Nao,Fem,3,Sim,Sim,Sim,Sim,25.75,45.4,16.75,37.7,125.6,Nao,0
986,Total,58,36,Casado,13,39,medio,8,Nao,Fem,7,Sim,Nao,Sim,Sim,38.25,0,55.5,57.05,150.8,Sim,1
987,Total,22,33,Casado,13,119,posgrad,0,Nao,Fem,4,Sim,Sim,Nao,Sim,23.25,51.6,0,60.35,135.2,Sim,1
988,Total,69,58,Casado,29,26,medio,7,Nao,Fem,3,Sim,Sim,Sim,Sim,33,54,29.25,50.65,166.9,Nao,0
989,Total,44,39,Casado,8,41,medio,8,Nao,Masc,4,Sim,Nao,Sim,Nao,16.25,0,10.25,0,26.5,Nao,0
990,Total,10,23,Ncasado,1,29,superior,0,Nao,Fem,1,Sim,Sim,Sim,Sim,32,53.25,35.75,50.45,171.45,Nao,0
991,Total,7,41,Ncasado,6,94,medio,16,Nao,Masc,1,Sim,Sim,Sim,Sim,28,37.65,9,41.4,116.05,Nao,0
992,Total,22,39,Ncasado,4,55,medio,17,Nao,Fem,1,Sim,Nao,Sim,Sim,38.75,0,17.75,50.2,106.7,Sim,1
993,Total,51,45,Casado,4,46,Inc_sup,6,Nao,Masc,2,Sim,Sim,Sim,Sim,34.75,48.65,32.25,48.65,164.3,Nao,0
994,Total,19,27,Casado,7,56,superior,1,Nao,Masc,4,Nao,Sim,Sim,Sim,0,46.3,21.75,37.7,105.75,Sim,1
995,Total,24,30,Ncasado,0,25,superior,5,Nao,Masc,2,Sim,Nao,Sim,Sim,47.75,0,32.75,64,144.5,Sim,1
996,Total,3,26,Casado,6,59,superior,0,Nao,Fem,3,Sim,Sim,Sim,Sim,23.5,29.6,10.75,19.2,83.05,Sim,1
997,Total,4,30,Ncasado,1,45,superior,6,Nao,Masc,3,Nao,Sim,Sim,Nao,0,34.2,29,0,63.2,Sim,1
998,Total,26,54,Casado,30,26,Inc_sup,1,Nao,Fem,2,Sim,Nao,Sim,Sim,23.5,0,23.75,39.25,86.5,Sim,1
999,Total,15,46,Casado,17,63,posgrad,1,Nao,Masc,2,Sim,Sim,Nao,Sim,16.5,42.5,0,33.1,92.1,Sim,1
1000,Total,67,59,Ncasado,40,944,posgrad,33,Nao,Fem,1,Sim,Sim,Sim,Sim,32,54.55,35.75,65.8,188.1,Nao,0
